Date,AAPL,META,TSLA
2018-02-01,0.01140704161005081,-0.011166637964032514,0.015876947125858302
2018-02-02,-0.012051225653381173,0.0020450916118378553,-0.0088861523911851
2018-02-05,-0.02029251313582972,-0.02552043000961086,-0.020228248781452844
2018-02-06,-0.007048608073502976,-0.0043993438215571435,-0.003802369374921356
2018-02-07,0.02431298685271073,0.0017981818038086909,0.03949700723765889
2018-02-08,-0.0007919329283747945,0.006376457251698739,0.008833409295108561
2018-02-09,0.010107169197568515,0.010316111565294984,-0.04501342130838179
2018-02-12,0.0022204949821642336,-6.30972448364045e-05,-0.015415226096097896
2018-02-13,0.009795719205240094,0.0050467174913959465,0.0036165492181073323
2018-02-14,0.006066342124869498,-0.034517445917160015,0.016626725650491392
2018-02-15,0.0015348029191209467,-0.008850500653261671,-0.010369338776074169
2018-02-16,0.0025002863349157466,0.00047700351066424606,0.0022279944148481247
2018-02-19,0.004385968023529351,7.38165623479963e-05,0.006658053103010843
2018-02-20,0.009177297350322107,0.002492748325864774,-0.020500698294016916
2018-02-21,0.006543513767102024,-0.003901106985930819,0.010611826812465601
2018-02-22,-0.011720987082355519,-0.016388913696491866,-0.01468164094125799
2018-02-23,0.0005638818443134342,-0.007894565055998141,0.008909575840301609
2018-02-26,-0.006508202669284203,0.005645986928793641,0.03386876226317467
2018-02-27,0.012159087319442808,0.011495067121162456,0.003343269894447927
2018-02-28,-0.008865182989680918,-0.03043845812783936,-0.025599999782104418
2018-03-01,0.01080732975067496,0.0032976928622277637,-0.0014444648454272487
2018-03-02,-0.007441482827364515,-0.0020101004943451615,0.0012033265370004914
2018-03-05,-0.002125689411412123,0.0038186761730927437,0.00356734806065168
2018-03-06,-0.0029555962623262523,0.0408381688170016,-0.013207555527018492
2018-03-07,0.010198707280876886,-0.01668755150397303,0.023583786064716828
2018-03-08,-0.00845794485797527,0.021826832589869144,0.018101825318696016
2018-03-09,-0.0032488871750210235,0.0019023162465386654,0.004788307905828897
2018-03-12,-0.010559556289186051,-0.00034850333750322947,0.0490403377020239
2018-03-13,-0.0005035970345004654,0.021911663462169363,0.00015991532238546837
2018-03-14,-0.018098764721390777,0.012501331567238243,0.00691018373296978
2018-03-15,-0.05271445240194545,-0.028558573663929946,0.00823811616233201
2018-03-16,-0.02193733643218552,0.009592248430872762,-0.005679476774771013
2018-03-19,-0.0013633089364911042,-0.006715031011043507,0.009283222919439971
2018-03-20,0.015188859749851727,0.01809544620763817,-0.02592255000203853
2018-03-21,-0.0024631733970559536,-0.004967249885435604,-0.16421033878276145
2018-03-22,0.004949259387989942,-0.0035019489262874052,-0.013080160984687719
2018-03-23,0.013815720855207849,0.030605034666685075,0.012518488603126684
2018-03-26,0.006361271089081637,0.010462377041626707,0.0011414882687218843
2018-03-27,0.009459408163092492,0.0024907268914341274,0.004180535207164842
2018-03-28,0.00595795940046776,0.0014348548196595526,0.001159187884888956
2018-03-29,0.0008113071085297237,0.01952529516290633,-0.020475586004726244
2018-03-30,-0.005683247097696219,-0.0003630672172237978,-0.007682239757467165
2018-04-02,0.00887933498947424,0.00030002241532934833,-0.057363088052024544
2018-04-03,0.01014252744205717,0.023320219252512427,-0.009244708686287633
2018-04-04,0.0053022246112928925,-0.002987360038493046,0.01088855092493276
2018-04-05,0.0022042709970507258,0.0005626427034077571,-0.004407644198007885
2018-04-06,-0.0063770001896364,0.006477751501049709,-0.010229988419861549
2018-04-09,0.0001936937582601885,0.006596384417773107,0.008235128568204342
2018-04-10,-0.0066108991414595975,0.006375449917713768,0.0013895444254800387
2018-04-11,-0.016635459869079043,-0.008698711169760915,-0.005096858970976239
2018-04-12,0.011460484074784463,-0.010733697716910757,0.013381780044878997
2018-04-13,-0.0081752842929184,-0.0015155776710311492,0.030541595133449707
2018-04-16,-0.07029280783551745,-0.006217975318156415,0.01007659100327803
2018-04-17,-0.003783080609702265,-0.0024648178341370713,0.01922504373967281
2018-04-18,0.0012512954052050582,0.0025168519161521703,0.016044660642259904
2018-04-19,0.015396908958003122,0.0322431447725314,-0.003014133752365632
2018-04-20,0.010035343300836781,-0.01659466657229618,0.02165314573881687
2018-04-23,-0.0029342372897037004,-0.020951461364969375,0.07516723251102615
2018-04-24,-0.01729335378614423,-0.019104728168410013,0.014948730485075817
2018-04-25,0.0396344015287365,0.029116597649960663,0.026669927230121574
2018-04-26,-0.0023739220147525244,0.026184998511351972,0.01324282700726918
2018-04-27,-0.003397147468862867,0.0021405724839984536,0.022187357060549872
2018-04-30,0.0029525271541432285,-0.003270125535510204,-0.003797772549429396
2018-05-01,0.0040482612291921636,-0.000630750713285829,-0.01872459661715215
2018-05-02,0.007165623351692244,0.0005551709791414624,0.027741255697446687
2018-05-03,0.00045013744860925047,0.004562695320355375,-0.0046479312173185496
2018-05-04,0.02220095488993116,0.045932630105437605,0.011140824789909146
2018-05-07,0.014590371836265192,0.015551786602478532,0.03298384135445152
2018-05-08,0.008154272553404585,0.013374708472031573,0.022545782092514267
2018-05-09,-0.0024743205336006254,0.009665143700477063,0.005084421459439826
2018-05-10,0.011916972714747598,-0.00841529136984999,0.01562867521672751
2018-05-11,-0.0034113604647475304,-0.00261678124986192,0.057888044794729004
2018-05-14,-0.003266341378630869,-0.003049455949247354,0.006335385653359174
2018-05-15,-0.00525775311132617,0.0006359958089938404,0.00899753919920898
2018-05-16,0.010801537552213865,-0.008426287262367218,0.00028671026968033045
2018-05-17,0.0015491836895941918,0.00828741150683117,0.017974063588034182
2018-05-18,0.007508915352227222,-0.019103302774699335,-0.05293831653944325
2018-05-21,-0.01645893584996389,-0.003957902705647039,-0.010942938572075265
2018-05-22,-0.013441649122289435,-0.0022418772480235134,0.008971715985327531
2018-05-23,0.014495477215274106,-0.00023677361872176086,-0.016313210069050045
2018-05-24,-0.000234436279225294,0.006887157987372063,0.004805426381272379
2018-05-25,0.013178357322040382,-0.00026257622146148976,0.03008750402439226
2018-05-28,-0.030246523398380968,0.015612572658741681,0.021592678251214976
2018-05-29,0.005477854085335776,-0.009761358241745335,-0.013538462778248479
2018-05-30,0.014438996341428902,-0.009008178085569599,0.02366342245682686
2018-05-31,0.022375675125203807,0.007443648979070042,-0.015906270394921634
2018-06-01,-0.0028183632089563014,-6.661151682619404e-05,0.020067679578648533
2018-06-04,-0.017998903112597896,0.031499803238062445,0.014716533930691455
2018-06-05,-0.003105104978944492,0.013635906041814446,-0.016242701989692715
2018-06-06,-0.0030950213323046043,0.019732359553318875,0.03935664192183979
2018-06-07,0.01513039343507757,-0.00865902464579422,-0.018088898344868376
2018-06-08,0.011963801385029409,0.003460650475716184,0.0031075658742948796
2018-06-11,0.015991760192696915,-0.2500885775131812,0.005143814939685458
2018-06-12,0.0008862791172792625,-0.014096747611846445,-0.047383240363012474
2018-06-13,-0.0016580084664954303,-0.007465777205761181,-0.015606428056008656
2018-06-14,0.007558123254157696,0.0023534430786895265,0.029539655763167767
2018-06-15,0.016939076077892405,0.0027337760946391353,-0.0265169343312452
2018-06-18,0.002107533734575989,-0.022589568407755212,0.004368209341237426
2018-06-19,-0.020369212174813352,0.00677096832658435,0.004203085576430429
2018-06-20,0.009207416961609025,-0.006151351509837904,0.07047871088486832
2018-06-21,-0.05183694728857465,-0.0022559130120551126,-0.014038471167255684
2018-06-22,0.010516775376367606,0.0022869581261318007,0.03411477261956193
2018-06-25,0.008442397849018067,0.02712550351998772,-0.0009307472169951248
2018-06-26,-0.0004965344604542234,0.007142232500504827,0.03212728064483359
2018-06-27,-0.0016510538258832383,-0.005004130288865348,0.012217949889538622
2018-06-28,0.02188681577219653,0.0033392360985243725,0.05120247362816249
2018-06-29,-0.01276612272466046,-0.03684947636213025,-0.003738312669987066
2018-07-02,0.0011941942688179338,0.01152093283866819,0.022141660364743975
2018-07-03,-0.003809590662688559,-0.021119190283926188,0.026128298869749104
2018-07-04,0.004470059505091673,-5.457638880884056e-05,0.029695850209648197
2018-07-05,0.0027324667286747397,-0.02940953974332621,-0.06237996178020239
2018-07-06,0.004094237024717656,9.390312583623554e-05,-0.012542145007134518
2018-07-09,0.020561965553753704,0.012053418506076748,0.05480899780031462
2018-07-10,0.01027449686546366,-0.00019136264917013604,0.04234952756069976
2018-07-11,0.00459925710189504,-0.008154732442685995,0.03442446296762596
2018-07-12,0.00273506638797979,-0.028813706811825227,-0.017833593102978787
2018-07-13,0.01116413108861264,0.014260150103372955,0.03693150421863145
2018-07-16,0.0025672661587164327,0.007532853464078131,-0.0071205447353091585
2018-07-17,0.007345470653729758,-0.011006240205648093,0.003544062789898902
2018-07-18,-0.0035961594542250003,0.003978705919588091,0.036001028461135426
2018-07-19,-0.00025535494763800995,-0.0035661684973642294,0.01653143861348208
2018-07-20,-0.020833455891028366,0.01043357776586864,-0.006570179783010083
2018-07-23,-0.008677420747404588,-0.0022394017590765423,0.010841248337713905
2018-07-24,-0.029981247664901116,0.0022605943043278467,-0.0031693815809377564
2018-07-25,0.0007836856770261573,-0.04447877073241492,0.009724964786465857
2018-07-26,-0.00024520695516491134,-0.01496088021951332,0.0014106536943535475
2018-07-27,0.01094735028988778,0.007265976607248829,0.009240519478581106
2018-07-30,-0.005471244284296857,-0.0010415841226775553,-0.01128259769542327
2018-07-31,0.026802336136378876,-0.008315697067726727,0.008539643767546165
2018-08-01,0.015051108599139511,-0.007305538973141551,-0.0007061317984604002
2018-08-02,0.002822115563020541,0.002900761193021821,-0.008369266001567696
2018-08-03,0.022547893469734334,0.0019233653172244245,-0.03151653175914231
2018-08-06,0.034306902998794936,0.009105742589534652,-0.006813550788168972
2018-08-07,-0.003176347645737309,0.0004733151143425814,-0.027881897696263244
2018-08-08,-0.025512886113749546,0.004697147297029225,-0.0038990417952842666
2018-08-09,0.009884650619838002,0.011012245412778385,0.0028030737207896195
2018-08-10,0.01331327506472501,0.0016903788263866642,0.0449453718027933
2018-08-13,0.011048260535597727,0.0030200482197432275,-0.005166411796981843
2018-08-14,-0.0006494784024239745,-0.07837148506623394,0.08320072684319475
2018-08-15,-0.00018140042714352917,0.017980751457458925,0.0009596780193943707
2018-08-16,0.006607666033810128,-0.009259250875757815,-0.017027595187494485
2018-08-17,-0.009500649347907541,-0.01163318507947498,-0.004428072471282864
2018-08-20,0.008542738568210114,-0.008882917117121879,-0.01182464132578122
2018-08-21,0.0038114302835228937,-0.0355462723544946,0.02270508709285541
2018-08-22,0.019856715884305966,-0.02028813404528521,0.017361669665092304
2018-08-23,-0.009662777757089366,0.01140971677232968,0.018238707640248205
2018-08-24,-0.005878945798388805,4.529682086830524e-06,-0.0034150675941656324
2018-08-27,0.0052105308370301836,-0.003742414996373168,-0.000973891099190557
2018-08-28,0.006608554538641908,-0.009544701328649829,-0.0008520858854837174
2018-08-29,0.006462503600319431,0.00463786492889141,-0.002090291110288971
2018-08-30,-0.005694398391558477,0.018696988915937175,0.020426187820746556
2018-08-31,-0.023612577174479826,-0.0018438399045767758,-0.008269989088832285
2018-09-03,0.026133815068944414,-0.008581434227954224,-0.005551695482808331
2018-09-04,-0.022457156696666463,-0.005165413291061249,0.005803412211749823
2018-09-05,0.012396655889164967,0.003695783525833245,-0.00481364727604479
2018-09-06,0.017820698301158247,0.0025583261929030443,0.02800164223820032
2018-09-07,-0.014793593929290107,0.0014081877897993652,0.011465506843846278
2018-09-10,0.0013089445479863048,0.009669612513495632,0.0015308259941539607
2018-09-11,0.003909193157317364,-0.005650064363546695,-0.01901196707814189
2018-09-12,-0.003792660340114678,0.007206951945497974,0.002673909199472817
2018-09-13,0.007062779531429524,0.006364562048216785,0.033202442094669056
2018-09-14,0.009838954156340299,-0.01447292472451303,0.015487355574018589
2018-09-17,0.000821339194408118,-0.004114403253282035,-0.010453529303136373
2018-09-18,0.014851437568031214,0.010682839900290982,0.02546238747486167
2018-09-19,0.002536709788569178,-0.0012829041180854358,-0.00040149941827646765
2018-09-20,-0.01965063037905884,0.01600769252073962,0.03938562842910913
2018-09-21,0.001558779352056438,0.006394740299491703,0.009806371573111924
2018-09-24,-0.004425136190140846,0.00011801456070888072,0.013917974025987873
2018-09-25,-0.004298783353577798,0.03778474515647043,-0.006942813056001932
2018-09-26,-0.0029517450017122696,-0.010487767809967297,0.006639220450244106
2018-09-27,0.006542506672811235,-0.026453992870093382,-0.0022495850417982863
2018-09-28,0.004948948543040632,0.010836643880697095,0.013392174912243236
2018-10-01,0.0033429041658048038,0.01540320037121502,0.01441097093919414
2018-10-02,0.021059532060895135,-0.011585542730015082,0.013998138209820566
2018-10-03,0.031001636528040524,-0.013800438444620911,0.014799360375284345
2018-10-04,-0.0008571934789658078,0.002821769777178229,0.03191819199436214
2018-10-05,-0.019219152695688482,-0.0035920571269353403,-0.02006098679787724
2018-10-08,0.0010753382480061435,-0.003248769530625895,-0.019454949163660713
2018-10-09,0.008519768707007509,-0.005959872572571311,-0.003939753805187536
2018-10-10,-0.0020207989110416443,-0.012019106922896252,0.0207678276816252
2018-10-11,-0.005265399199651835,-0.0002916273946611946,-0.012827328081547129
2018-10-12,-0.0030478997998994416,-0.03431740580591008,0.0018528075302750434
2018-10-15,-0.00407166027998727,-0.005697788045490478,0.009993431877941668
2018-10-16,-0.002030539084719231,0.016744729851663784,0.023641984146944718
2018-10-17,0.008639620693300865,-0.03543804835764194,-0.0037192652373898593
2018-10-18,0.001484012133299097,0.015396851848576452,0.006261641890889181
2018-10-19,0.0027760968128905995,-0.005707544336448028,-0.0016996362181725443
2018-10-22,0.0019037629261885905,0.047648909793803165,-0.005395637140067858
2018-10-23,0.01718524339689158,0.002949751802145707,-0.021086811979467858
2018-10-24,0.013337755478370295,-0.011746170117120308,0.010944118968048195
2018-10-25,0.004017212762994789,0.01125609263796134,-0.045042220023077055
2018-10-26,0.0015977079582493875,0.005092550338801691,-0.018959922090436027
2018-10-29,-0.006228763010469072,0.024419440345289974,0.00029648925349204846
2018-10-30,-0.009830408743835374,0.011578155615309784,0.021043762527588855
2018-10-31,-0.002307919628213722,-0.011799661774022243,-0.000324524519812737
2018-11-01,0.00036111542901338896,0.001313288996382454,-0.018606631929092857
2018-11-02,0.008880392723970988,0.0169712688490161,-0.032004546985274114
2018-11-05,0.021460490433020892,0.005030460237299326,-0.12714995173438706
2018-11-06,-0.004692139396748165,-0.006834856052578988,-0.02571849179900651
2018-11-07,-0.001597498310101812,-0.020449005491317715,-0.011982219086627957
2018-11-08,0.0008677329389089022,-0.008977952220337716,-0.015264358762560026
2018-11-09,-0.013999490122546492,0.0012961341312105448,-0.0263891829348206
2018-11-12,0.017324067745752,0.008092495933732787,-0.008738102944796702
2018-11-13,0.009437473513350095,-0.00887716534627281,-0.008038913275462974
2018-11-14,0.021773111996290437,0.025042020375798387,-0.0010468420425573074
2018-11-15,-0.0005137756938576187,-0.0049351354542524414,0.0007176314968517264
2018-11-16,-0.021459501400730975,-0.002594892313320114,0.0034474815009232756
2018-11-19,-0.0031656808739565496,-0.002992123682674997,0.009808463408504118
2018-11-20,-0.01469642688536057,0.010560078352596551,-0.009830378437517724
2018-11-21,-0.00346432431512473,-0.011434095010532282,-0.009057650315832595
2018-11-22,0.022718213203945944,-0.005269040306809325,-0.010829523727040699
2018-11-23,-0.019939643165448943,0.027288827319660272,0.008902605014441787
2018-11-26,-0.011672111670387451,0.0019679091822901807,0.009342278009253729
2018-11-27,0.006144981462626612,-0.031003219369608787,-0.01951446394124867
2018-11-28,0.007259438656542071,-0.013253169724707135,-0.025016928857778096
2018-11-29,-0.00036305730561308266,-0.006909330752190377,0.027626016202121004
2018-11-30,-0.0007499657467362093,0.0008326313564763096,-0.00026142248235950095
2018-12-03,-0.007065905188897964,0.012779893927590562,-0.013472635289976758
2018-12-04,0.015516323703431709,0.0027046996065374657,-0.020900758370217702
2018-12-05,0.009864672897601678,-0.010507105291264997,0.006472417470458439
2018-12-06,-0.00578480659862922,-0.01971471013075056,0.030582212403255364
2018-12-07,-0.031799402396778885,-0.0002656377104422539,-0.01710660396967673
2018-12-10,0.0007454617141489542,-0.0007018405913167661,-0.011740500757856294
2018-12-11,0.0208304669103727,0.011334861315851024,0.004748647710980476
2018-12-12,0.005159437747708399,-0.012888900628556,0.04296543950245474
2018-12-13,0.0003224406600672531,-0.0031537746390291914,0.0017624186571919421
2018-12-14,-0.005681612999021254,0.002252014008268127,-0.0003095928795520768
2018-12-17,-0.004968440486702961,0.005948861416718276,0.004801116703279792
2018-12-18,-0.0014002746793056074,0.004345553541411179,-0.030086066788205232
2018-12-19,0.005141833033909732,0.024848341744070992,0.039510321660439024
2018-12-20,0.0006671502727258803,0.013873995649601806,-0.01157803215823365
2018-12-21,0.002895123586843296,-0.0037466669996148766,-0.006777139491604006
2018-12-24,-0.015311664393286285,-0.0022819217148252317,0.0005323620042312043
2018-12-25,-0.012035209307803123,0.0014376289187529234,-0.006263584705415258
2018-12-26,-0.007042209170883773,0.0009320913356257255,-0.028596243897051378
2018-12-27,-0.01392026824614893,-0.0039316726248803,-0.0172877817271782
2018-12-28,-0.0014252633489887695,0.004752215893602357,-0.015317010167017378
2018-12-31,0.0013451050288071284,-0.013080947024885537,-0.0149376171843228
2019-01-01,0.003921517446198686,-0.007731952960403525,0.033460311663716304
2019-01-02,0.0004386762038793527,-0.011804060216321893,0.010735096698957449
2019-01-03,0.009055009741939289,0.011850830423077486,-0.010396104981339633
2019-01-04,-0.014982326693713027,-0.004625646808794698,0.010326763516301313
2019-01-07,-0.0001217375363412333,-0.02769405765730555,0.04739892372770391
2019-01-08,-0.023481250635893725,-0.017935166231621568,0.01647193954343572
2019-01-09,-0.025185789797526215,0.0015082186570197014,-0.006334263422599528
2019-01-10,-0.0036064655170777917,0.002298379552423688,-0.02276115812931865
2019-01-11,-0.0013868945250604036,-0.0029588718656563978,-0.0005657715735040204
2019-01-14,-0.009699729789067383,0.009673391501795754,0.018816965519587996
2019-01-15,0.004820774158247305,0.02119520957476842,-0.003372016049242978
2019-01-16,-0.0004689027160445287,-0.007480207292387537,-0.11739706440694625
2019-01-17,0.009545555638490045,0.005268375157405376,-0.0025967601859297985
2019-01-18,-0.0024091059081155523,0.004595984931909605,-0.024988173506756296
2019-01-21,0.010033650176967914,-0.0008397818435179052,0.000557094279080439
2019-01-22,-0.0024503664954646175,0.0036240163346874686,0.024743082217415866
2019-01-23,0.016171088767993346,-0.013807188762550895,0.005903019306247923
2019-01-24,-0.006611280841996537,0.01744091106665884,-0.02189827161159981
2019-01-25,0.0010584691658089118,-0.003310146656866701,-0.02874784643867074
2019-01-28,0.004257008214366318,-0.007054857931171441,-0.027732682451476868
2019-01-29,-0.00245568327669994,-0.015773250576134348,0.022381490008283923
2019-01-30,-0.010892536967780619,0.008388142418503981,-0.02068754187789983
2019-01-31,-0.03132110691406592,0.006251145689421574,-0.007148173896248908
2019-02-01,0.006421398299897233,0.009488433158994041,0.0023336402730820423
2019-02-04,0.007946653761788932,-0.011494320511725225,-0.02398577928629732
2019-02-05,-0.006530223104181892,0.00024668122008478065,0.006431140702912844
2019-02-06,0.006091405978435572,-0.0020878453561639383,0.024736373727759414
2019-02-07,0.0012078479025606035,0.014310363354685895,-0.09580538909088741
2019-02-08,0.016987171093746454,-0.003845972664459433,0.008590921248196657
2019-02-11,-0.01218308610925884,0.0041859066997173774,-0.002881979956319259
2019-02-12,-0.004913973634723583,0.026005948271383778,0.1013970001685497
2019-02-13,0.01664650899461615,0.01615939853945602,-0.02456954156343032
2019-02-14,-0.0019500978918778414,0.01355741495170581,-0.0007287388352424586
2019-02-15,-0.0044815976059418335,-0.028110142373017722,-0.0062075972674791
2019-02-18,-0.026329489289506576,0.0017214839674902132,0.01726086743292424
2019-02-19,-0.007755961430460086,0.01163630249369781,-0.008818311785927282
2019-02-20,-0.009283418242993863,-0.005892663619353144,-0.0053131448684238716
2019-02-21,0.0013361804686303155,-0.01115312035917735,0.012081951707702392
2019-02-22,0.015818794319758526,-0.002424578519224325,0.01802559183837514
2019-02-25,-0.006435235604844614,-0.001275229251053979,0.02186120669923168
2019-02-26,-0.0006920438549847526,0.0014601975205086994,-0.011521363437926133
2019-02-27,-0.02248950027403271,0.005655462443113862,0.01699026924329823
2019-02-28,-0.0003431184726223806,0.04222736231495836,-0.0028705777208862236
2019-03-01,0.008976889129563143,-0.010323998573659454,0.0032495662041368877
2019-03-04,-0.012945690192376146,-0.04977590284790514,-0.03450153144102006
2019-03-05,-0.002673965016673923,0.01608943456964812,0.026321305806463826
2019-03-06,0.005700994555715051,-0.009747859750039067,0.034607454979340174
2019-03-07,0.012955481323147467,0.003594260187189531,-0.01667277563076773
2019-03-08,0.012874298903825085,-0.036248436203934434,0.003565698038750883
2019-03-11,0.02245326771400602,-0.001828661991134187,-0.008221879005752839
2019-03-12,0.011877239264129615,0.001057627640885958,0.06808453371074971
2019-03-13,0.0019440516440887567,0.003409546288712424,0.0017087603468644555
2019-03-14,0.00027432102226280933,-0.00516510681651098,0.014430051776167439
2019-03-15,0.0019858163226537076,-0.014468997981678224,0.02447722236355868
2019-03-18,0.0092193065858179,0.014281118066819658,-0.0024921419087351117
2019-03-19,0.0033606902602835954,-0.0004841487453241536,0.00094965063187319
2019-03-20,-0.005819884905919778,0.008030714264697612,-0.03454926743625128
2019-03-21,0.0017643749034877828,0.00014864916614445582,0.030408154833421457
2019-03-22,0.0038656245401480376,0.0006007151295305352,-0.002996102827938225
2019-03-25,0.0019536481042162733,0.014284104417481845,0.020380383482218295
2019-03-26,0.007886057622649802,-0.006945457242708224,0.00119509332908165
2019-03-27,0.014978438107918294,0.03636525654570797,0.020075409690697807
2019-03-28,-0.012915479611613878,0.012681331875835589,-0.009958417160739303
2019-03-29,0.014798617183521646,-0.002488666004373671,-0.004190416460612893
2019-04-01,-0.011686253443295588,0.004269376313455798,0.07265691672323084
2019-04-02,0.0056454560803179095,0.0032590782137350833,0.00023475732144253938
2019-04-03,0.021069828258495522,-0.016933851959681147,0.06717111185722519
2019-04-04,0.008149420119641525,-0.002255039702172647,-0.037453383081775524
2019-04-05,0.0072542788533687345,-0.0017306347363415175,-0.00261472830562114
2019-04-08,0.015618623106070604,0.049450868554018056,0.02124951959878715
2019-04-09,-0.01070098468701605,-0.03158497639444151,0.004967654242253787
2019-04-10,-0.008734327548127304,0.002298363869894265,-0.0013545248539081098
2019-04-11,0.009566712654331221,-0.003480902702209886,-0.016860037247976807
2019-04-12,-0.027776963632020944,0.011101419316155665,0.017541969856178268
2019-04-15,0.012317772559824424,0.0007091992309995426,-0.019332775098235166
2019-04-16,-0.024203440001752924,0.008634994265723365,-0.007667060816782514
2019-04-17,0.0024608555112375714,0.005227332595171474,-0.008046934328861936
2019-04-18,0.01217373299317462,-0.0024323935775147553,0.03897919217768386
2019-04-19,0.031122886238196038,0.012100927377416144,0.01478571951367716
2019-04-22,-0.01306105349489387,0.00032974776514503633,0.011154227224571376
2019-04-23,0.005300297381881024,-0.002980531705496583,-0.013159669533719371
2019-04-24,-0.010777983724017344,0.007576822488088845,-0.01101628268287596
2019-04-25,0.00960420159803268,-0.000995488460288517,-0.02428962893964151
2019-04-26,-0.015135009013066643,0.004747520305099493,-0.04659797041627375
2019-04-29,-0.00949183799114349,-0.00743090506901505,0.02634350315788647
2019-04-30,0.016875551717006755,-0.0060212208766978305,0.0171786370107303
2019-05-01,-0.0005903381708698252,-0.0012275168401272734,0.014933224182432571
2019-05-02,-0.018958433486808864,0.007660044151221369,0.0023690261525622534
2019-05-03,0.000977634817867187,-0.011356741644682651,0.020959515612871637
2019-05-06,-0.0110723207490155,-0.001509276167148424,0.08375799573265892
2019-05-07,0.012128069919753544,-0.006126668410275409,-0.023714046474602114
2019-05-08,0.0005971847995480155,0.013563303274776046,-0.03659528484193957
2019-05-09,-0.003835803829453457,-0.002913807424140356,0.020170643645644533
2019-05-10,0.0021649994017394914,-0.0014351415254150628,-0.014068901403456846
2019-05-13,-0.030093326042612036,0.0006133009348465034,0.0019690937484356384
2019-05-14,0.0038956201099950615,0.009747563402480761,0.030322987062517407
2019-05-15,0.04829204275430599,0.002205194630912458,-0.0037749284141020576
2019-05-16,0.015258626409102803,0.04285003528010986,-0.022614580219800087
2019-05-17,-0.001000449321854344,0.021889401066566512,-0.01603893344304702
2019-05-20,0.003394035815135685,-0.0055622140569334885,-0.00397111369764273
2019-05-21,0.0048409384069778485,-0.0011820627357326397,-0.008816048339438942
2019-05-22,0.00709029456486638,0.001155513859608663,-0.007866310888827189
2019-05-23,0.009621128508153833,0.0006897454173724854,0.0026420781673815903
2019-05-24,-0.002279756610944715,0.002095130717868673,-0.0023093768909360013
2019-05-27,-0.00010214794897475427,-0.011176449385134467,0.001387519820109901
2019-05-28,0.002240726137650145,0.0033445368741589865,0.041515881645857865
2019-05-29,-0.0033129995536676084,0.0029961691353578663,-0.035326168247220804
2019-05-30,-0.01918403558367243,-0.008209449988525198,0.00856141024943332
2019-05-31,0.007421716665698036,0.01289462381686004,0.03206116178122688
2019-06-03,0.02265614089155731,0.013101323911580108,-0.008242061171272306
2019-06-04,0.011253597300100561,0.00021679899765501438,0.0018243869611452952
2019-06-05,-0.019733594402648425,-0.019740233761455533,0.014005299132197542
2019-06-06,-0.00023488592463359874,0.024728013270675257,-0.02728550523045744
2019-06-07,0.011679226926815969,0.012732019616962345,-0.0003716593872274784
2019-06-10,0.014134571820973862,0.002359446204355708,0.030249579824569106
2019-06-11,-0.006112771311597242,-0.014599213525503096,-0.04093556767867823
2019-06-12,-0.009418917235803032,-0.022976392456658452,0.036044060021529586
2019-06-13,0.014672490159963808,-0.0384587970853998,0.010974516146283714
2019-06-14,0.0004544004681579912,-0.007757385710158748,0.0013046175200364268
2019-06-17,-0.008944672641664084,0.015444398582864751,2.7214060534526753e-05
2019-06-18,0.005282422023133073,-0.009592412147413644,-0.051906371267682265
2019-06-19,0.010056433864559207,0.005501089147066708,-0.017725438851518102
2019-06-20,0.006607179504651741,-0.019496035920861868,0.012202806007424329
2019-06-21,0.011662512237660008,0.008219047811274601,-0.005064966106935166
2019-06-24,0.007004623778796859,0.0060589897534014435,-4.419888310539435e-06
2019-06-25,-0.006164725220236652,-0.01113716563771166,0.026407177504939577
2019-06-26,0.015656292138144397,0.01379298248809117,-0.0007195020564839903
2019-06-27,0.008440636563535097,-0.0065408285034821755,-0.01068278852496415
2019-06-28,-0.014092252266066084,-0.01730784162663622,-0.005734689187936154
2019-07-01,-0.018410403070031566,-0.010643573840543246,-0.009106036885050834
2019-07-02,0.009071376692372414,-0.031361036340015205,0.043443106787557625
2019-07-03,-0.025939024800758475,0.008342826854056821,0.01442156635788764
2019-07-04,0.01109492473141936,0.005543163519014117,0.06198939326655774
2019-07-05,0.0024276396959499306,0.02178092504966383,-0.045929246850214295
2019-07-08,0.0048598715736871915,-0.010263631404624577,0.014326777729400714
2019-07-09,0.000794500695725307,0.04411342660856977,-0.029075401956123962
2019-07-10,0.0025932911931181458,-0.0040616638790590695,0.027942210369580237
2019-07-11,-0.004608830394025175,-0.0019098562809239377,-0.017993775912376775
2019-07-12,-0.020561796567966063,-0.027094520476662543,0.014256269532706214
2019-07-15,0.0029859052412437217,-0.005811716027359243,-0.007685883291641005
2019-07-16,0.00509891124881452,0.008330750803448864,0.016651567300868676
2019-07-17,-0.015522830305667867,0.013610830431358363,0.025558612624084587
2019-07-18,0.010888305717160455,-0.0042270004643317665,-0.00514399887479267
2019-07-19,0.020245793066190995,0.013819436299619814,0.02357024098176843
2019-07-22,0.0061280090139595325,0.003789260803999643,0.010496293816250037
2019-07-23,0.009177413860784812,0.010994282179232397,-0.0242209496885254
2019-07-24,-0.00870903161390893,-0.00789901328469103,-0.13234500026710477
2019-07-25,0.003765706965764606,0.0016515283013649152,0.00997873858553452
2019-07-26,-0.011863240388221747,-0.009693724253278364,-0.013714287521049456
2019-07-29,0.015494442077125534,-0.0007154715017607933,-0.054938789803896076
2019-07-30,0.01715118722901155,0.005409203678295144,-0.08784810682187068
2019-07-31,0.0019330955019177432,0.009790100746478765,-0.000721552195894119
2019-08-01,-0.0008105806630885001,-0.023846017171948817,-0.004005830799852711
2019-08-02,0.014928562421311171,0.008944975078997996,0.09128003763589358
2019-08-05,0.007196198685335558,-0.002668973329012199,0.00807049533579968
2019-08-06,-0.04516461937237121,0.0071565265060251305,0.07131818531928472
2019-08-07,0.012068930892240424,-0.000992530324253872,-0.003341719809961027
2019-08-08,-0.0026331691383095048,0.0019116979500206303,-0.0590789360470099
2019-08-09,0.02375121561564305,-0.002685619571308866,0.029412809264133144
2019-08-12,0.006757704054028912,0.013052829451633982,0.016941347262780973
2019-08-13,-0.00160348824818569,-0.0020443528076508457,0.022617962952511
2019-08-14,0.0036721524656542458,-0.0056802714586629225,0.00450836544556276
2019-08-15,0.00442530049450987,0.004576671553368617,-0.013556339570454068
2019-08-16,0.0043573775508026595,-0.010461061423671224,-0.005150084831700641
2019-08-19,0.003421245564572436,-0.0017199058659586534,0.0004484618494430612
2019-08-20,-0.009751437848711025,-0.004604944616788389,0.0165105697940819
2019-08-21,-0.002137379057932029,0.020389843972791262,-0.006707490884019308
2019-08-22,-0.0024035424361827135,-0.008494002474192148,0.0009079869956475866
2019-08-23,-0.0021247677423135423,-0.006181535378034881,0.009165712769854192
2019-08-26,0.013199531745072627,0.004648876983871317,-0.014320040028797845
2019-08-27,0.0008634686507098703,0.0015779194062295998,0.0026986599054781633
2019-08-28,0.003985791749407278,0.013624278718686956,0.021482222288271992
2019-08-29,0.0061791958372265,0.010175546934913815,0.02050956824775586
2019-08-30,0.015956328125295224,-0.032185377814557874,-0.0024515454110399255
2019-09-02,-0.01875797417700435,0.00046914714636906113,0.013415486131591046
2019-09-03,-0.016470470598620186,0.01624478365702619,0.026007240842193736
2019-09-04,0.009634925318066454,0.011855858745977402,0.0011302746737396202
2019-09-05,0.02392062651309615,0.0006193691076023669,0.0034305368790518397
2019-09-06,-0.023939033436619708,0.033078901823265096,-0.04016591258632292
2019-09-09,-0.003167627519666978,0.005291095960167607,-0.009894937449078966
2019-09-10,-0.003591892978457892,-0.00929751823740563,-0.007189858508881647
2019-09-11,-0.0029261929342302632,0.008447577856108163,-0.014033113129088358
2019-09-12,0.0013603437939429587,0.0015022016379683204,-0.023685015288320063
2019-09-13,-0.0004074780645232853,-0.004657155701447293,0.025365383108986728
2019-09-16,0.006071618141586209,-0.01504448585385741,0.00312923138270286
2019-09-17,-0.003373975831218815,0.005271529222533965,-0.0396172460483411
2019-09-18,0.0044221094183700144,-0.01388984373646007,-0.004227508855052608
2019-09-19,-0.0028619343827660836,0.0011578879644192066,0.11446097658259459
2019-09-20,-0.007130683989911691,-0.0071700056608428285,-0.0013007356446180596
2019-09-23,0.012028166544814634,-0.007178349619062017,-0.06289178649934672
2019-09-24,0.00035581162399709665,0.013668917979344495,-0.04202191901542953
2019-09-25,0.004224303057321848,0.007098138102948654,-0.02423609938278942
2019-09-26,-0.0029004842233681803,0.005684822832738328,-0.0027849728725739546
2019-09-27,-0.021760358883405065,0.00413789411818969,0.014781455358761977
2019-09-30,-0.0059787344113357175,-0.010716506569705339,-0.07941362821287452
2019-10-01,0.0019689808054249,0.0029168349113019867,0.06878365829171348
2019-10-02,0.000781256895021937,0.022720484047051213,-0.00044476220997094565
2019-10-03,-0.010570413136768396,-0.006762354499553909,0.029411296114808624
2019-10-04,0.011229184905267748,0.0018710035203853411,0.019943823780237954
2019-10-07,0.00945001347525919,-0.01561083739015549,-0.012673373612592551
2019-10-08,0.0038566797103584067,-0.018419790097317673,0.0011936811108418182
2019-10-09,0.01291743622360695,0.003446070693554471,-0.03197133963342778
2019-10-10,0.015273968416289162,0.0024082024476968665,0.025892022564525767
2019-10-11,0.014536050517051037,-0.002727545901892215,0.011553190749175837
2019-10-14,-0.04247965058488287,0.007477651538058119,-0.013941761746397864
2019-10-15,-0.0016870847419436072,0.024648322049421884,-0.09676044412885108
2019-10-16,-0.03962897347512564,-0.018242963105913636,-0.0022722836847301527
2019-10-17,0.006592596661523052,-0.008191497737215248,0.01864001170612002
2019-10-18,0.008524660718386732,0.0005864344690396143,-0.014750515509245589
2019-10-21,0.04358143608968369,-0.010401472746665334,-0.023329256044354124
2019-10-22,0.019807964174912783,0.015063743236682444,-0.014195077030115997
2019-10-23,-0.01577301391456133,0.01321175544558237,0.003485767065069227
2019-10-24,0.008745347052243394,-0.012482577950897897,-0.007230477604804617
2019-10-25,0.0077950213474453425,-0.012496186239798202,-0.000709301348976248
2019-10-28,0.0010534275234929686,-0.009050047361683671,0.0031208902301325756
2019-10-29,-0.0015410276031688835,0.010008891892756965,0.010773797251040091
2019-10-30,-0.0036733761190288665,-0.0014073577957994443,0.0209701071277024
2019-10-31,0.0006328687425342416,0.00218298357045727,0.00043247171591213765
2019-11-01,0.00847327984724731,0.008157920651485032,0.028673199365966587
2019-11-04,0.0036939007870165973,0.0014556102845110018,0.0950996887114956
2019-11-05,0.009363101340144824,0.004428902341693199,0.0019487912859384208
2019-11-06,-0.005474170993767421,0.009629972358466353,0.011967111745179863
2019-11-07,0.0004230733722226851,0.00465113292177644,0.012581663992504608
2019-11-08,-0.002684597791393206,-0.005914309466027622,-0.014037784563072322
2019-11-11,0.005291225030185227,-0.00945435949431812,-0.0413714578180166
2019-11-12,-0.03169752607182855,-0.038060433315021826,-0.002543999234516038
2019-11-13,-0.007464631666241511,-0.011730747122285811,-0.019967838283506505
2019-11-14,0.0032637830870959113,0.011308507537391257,0.02306969957387435
2019-11-15,-0.00436023669061065,0.011258564236251265,-0.003974827434666415
2019-11-18,0.009348197941766678,0.006613756725139263,0.02114007399152191
2019-11-19,0.027414922612946504,-0.0007461126063984989,-0.010515253174819852
2019-11-20,-0.0067255735403801056,0.0018946228747992,-0.013194638472047448
2019-11-21,0.014541792055435267,0.0073714901041189804,0.03071355448282455
2019-11-22,0.004416316499350825,-0.021697366528864094,-0.003222994505696597
2019-11-25,0.01378275098858055,0.005605058327807166,-0.008789616745111568
2019-11-26,0.003147258410957298,-0.007668132810802717,-0.011681135374439594
2019-11-27,-0.0002076437991331207,0.022104617833971104,-0.004221009374715685
2019-11-28,-0.02053588051846206,-0.018699182988196086,0.06764398598072636
2019-11-29,-0.0020287794059454726,-0.005011568812803597,-0.0010065350603712516
2019-12-02,0.0017143910561122904,-0.01591116373866312,-0.0002317602575594863
2019-12-03,0.002868563950108502,0.012196507513238041,-0.01344372086618821
2019-12-04,0.009616614249378718,-0.00024107444724909578,0.010164159861616413
2019-12-05,0.0006957261301325626,-0.00932847910575944,-0.0036192172030102554
2019-12-06,6.32430168041693e-05,0.032280515543954696,-0.0021231856283025242
2019-12-09,0.004282645060825566,0.0075841900026585975,0.017165193279677488
2019-12-10,-0.009844937589179502,0.00848775451940399,0.008779911077636633
2019-12-11,-0.003382611063094089,0.004520104589911783,0.013206925692902787
2019-12-12,0.006412191311694519,0.018439704199872217,0.017521296896522556
2019-12-13,0.0009390028476892548,0.00010373429168972902,-0.022417165367260346
2019-12-16,-0.0021256691762792813,0.003042174064627728,-0.0019183621701164661
2019-12-17,-0.012406434440843252,0.0114390038385581,0.04984211098497145
2019-12-18,0.00412126543974342,-0.019165369032911973,-0.0018863591092922094
2019-12-19,0.0028458154194946753,0.0016815646171674842,0.011507780509072457
2019-12-20,-0.0031782491354473822,0.014219762203475246,-0.0004675808531424113
2019-12-23,-0.015494916752420129,-0.025549883432906904,-0.005224279805049753
2019-12-24,-0.005888909200559902,-0.001118861930016666,0.04292222794009651
2019-12-25,0.04189499916291269,-0.005351675144771962,0.0329340783345293
2019-12-26,0.004012320278491818,-0.012250546714692888,0.009398574840061468
2019-12-27,-0.015359511317904856,0.005590205536277326,0.0073046845219003845
2019-12-30,-0.002716910351887035,-0.005732843498481758,-0.0010204970923951594
2019-12-31,0.0065005453181570015,0.001050924957938174,-0.01942417105972868
2020-01-01,0.0025868589942168196,-0.001961361807186859,-0.021566610237701657
2020-01-02,-0.0008365555539045996,0.005275596685002672,0.04970548351580857
2020-01-03,-0.009521373570949376,-0.00023493377559411763,0.01264238708536106
2020-01-06,-0.00481008815496416,-0.009238076688424841,-0.0004178957973307342
2020-01-07,-0.03485849320416031,0.02754640272948456,-0.007613767624433155
2020-01-08,0.006463229441698971,-0.0012225819529273379,-0.052671938483902385
2020-01-09,0.02164901622599064,-0.008612202890797753,0.01962570152448278
2020-01-10,-0.003908982927351436,-0.010558796202809964,-0.011463368363183745
2020-01-13,-0.02084802889761112,-0.023459201311181,-0.00975510264484146
2020-01-14,0.0014089330728840244,0.0074876179289954615,-0.006152470083524955
2020-01-15,0.01633303996560592,0.0004366103278202145,0.004768157363120254
2020-01-16,-0.0014633786803748077,-0.009689356876102144,0.007597634715926555
2020-01-17,-0.0018279427781483335,0.021083990161612495,-0.03108404063447809
2020-01-20,0.002027433163823772,0.030388796860656094,-0.01768876150728309
2020-01-21,-0.02651812260144099,0.03147163576027354,0.0024875378122219778
2020-01-22,0.018141413083486345,-0.018665485884356542,-0.037971755468577985
2020-01-23,-0.006720768468697255,-0.00674544288239457,-0.013057203156073744
2020-01-24,-0.014112986118650011,0.0026991947821997375,-0.0333896070540827
2020-01-27,-0.0003771262891951019,0.009890976478402471,-0.018870805625341124
2020-01-28,-0.0008776133218758596,0.013401975053918833,-0.0069467581409892775
2020-01-29,0.008499077302838512,-0.004119634562397737,-0.01933374319860702
2020-01-30,0.009266027014251116,-0.020632448714127546,-0.029298698709586898
2020-01-31,0.009639094353013812,-0.017573160099493522,-0.05807333615190821
2020-02-03,0.011695856882840201,0.003978096686733225,0.02352932682047328
2020-02-04,0.0052711702632633065,-0.0012711703508472396,0.027843152078403238
2020-02-05,-0.009091916868683152,-0.001066303881989133,0.0006486998405601088
2020-02-06,0.004417194819534152,-0.007043168149831544,-0.008112427358621326
2020-02-07,-0.005174796033890213,0.014228314320701733,-0.004462217500234393
2020-02-10,-0.0021066354215791205,0.00950039876532456,-0.004469108623369273
2020-02-11,-0.009956691860005144,-0.03944110282133293,0.03645266832537761
2020-02-12,-0.0036908422715663225,-0.005509763437563257,-0.03753849393364442
2020-02-13,-0.0035180498700730094,-0.02497310129570447,0.04255999206588725
2020-02-14,0.002799857023222746,0.011810889364938683,0.05532890740223939
2020-02-17,0.005150840139219804,-0.006954035488730378,0.04000814624296558
2020-02-18,0.0036696494302785455,-0.009198200456276643,0.004385301664252045
2020-02-19,-0.0054276216435566885,-0.01671285495443,0.016642097847075297
2020-02-20,0.009031785743885119,0.002042452906902392,-0.05998460733640463
2020-02-21,0.013530345077642357,0.00047779359699820555,0.02492157503944926
2020-02-24,0.007985824142613859,0.013318504737091997,0.01953203175710733
2020-02-25,-0.020808535062464516,0.014167464117455161,0.0032623906785527374
2020-02-26,-0.0022578238715181913,-0.004145249188608844,-0.01624664447525388
2020-02-27,-0.006614912143674774,-0.022352590901187356,0.0013822271927067728
2020-02-28,-0.004904369533562298,0.00044172246864805143,0.0025163137098440785
2020-03-02,-0.0059814352324752094,-0.0002229452449474654,-0.01249065141885507
2020-03-03,0.008400371783953954,0.017067087982654293,0.025203564879091717
2020-03-04,0.007487185358817351,-0.0015877227726411015,0.015823662589772004
2020-03-05,-0.0009900040527483442,0.009283935191395788,-0.007777734074698752
2020-03-06,0.0008675909581607457,-0.0039281603614924315,-0.0036450583358646187
2020-03-09,0.009135837480382873,-0.012895538640438747,0.017329348103633832
2020-03-10,0.0006804399235027271,0.014821925084613625,-0.008412161410915888
2020-03-11,0.020946566096877145,-0.00527783199821051,-0.04040423527125163
2020-03-12,-0.013250312864661686,0.022797151274263773,0.01203032554136278
2020-03-13,-0.00218505264241919,-0.004207405877591592,-0.04663300305261681
2020-03-16,-0.018657043064742557,0.0008026031035438975,0.045008907753196443
2020-03-17,0.018178781715691945,-0.010699334478670776,0.061707860726999346
2020-03-18,0.013188026575357711,0.0009600682966631782,-0.0036279157687719287
2020-03-19,0.0014892017882698132,0.002791644056784664,-0.022606094786660202
2020-03-20,0.006828416666317698,-0.009495545461051974,-0.004366587933748667
2020-03-23,-0.004510980904497371,-0.00036430596639536514,0.003012817487832296
2020-03-24,0.008087361170395258,-0.03336185004781902,0.03059290703484726
2020-03-25,0.006064395126164595,-0.014697593395593895,-0.022522955875916576
2020-03-26,0.0017720356170431856,-0.00901649675082719,0.012277010652378567
2020-03-27,-0.002853062109703488,-0.03203477897763324,0.02338996783512508
2020-03-30,-0.016741098681327855,-0.0018856654794676242,0.003271499131850375
2020-03-31,0.005551735140400188,0.007773346903870302,0.010299084033125495
2020-04-01,-0.039609855273215124,-0.007638903576880223,-0.02043240942849237
2020-04-02,0.005100887072434029,0.009389952950119356,0.007727489645040929
2020-04-03,0.04026408155181029,0.020573357279289436,-0.0196174710072654
2020-04-06,-0.005301722604520198,0.009090831145636115,-0.048757960164846716
2020-04-07,-0.0128311302512572,0.011820020895972307,-0.012902705414937035
2020-04-08,0.011016700465423974,0.006606170048195101,-0.016081630878326484
2020-04-09,0.017147770530318154,-0.005507418531918074,0.00543700457788994
2020-04-10,-0.00647907795808837,0.009708614328605767,0.0121443577798611
2020-04-13,0.01619925837072579,-0.011859868014633276,0.009266946668434632
2020-04-14,-0.01389667492725251,0.019685393905390862,-0.01782805123166886
2020-04-15,0.013007678726615422,0.01121847472124654,-0.046583664630531575
2020-04-16,0.010159414737839212,0.011953709266501966,0.010478872260364652
2020-04-17,-0.002699578328612911,0.00590881821120534,-0.0033987249784920644
2020-04-20,0.00891368072683667,-0.007661929621943163,0.007011330952687514
2020-04-21,-0.001479929327686559,5.804006117060275e-05,0.009347347312931397
2020-04-22,0.0225668325334649,-0.006047508886251728,-0.024227528850072858
2020-04-23,0.00541117165004719,-0.0006633525674742016,0.002217914521104101
2020-04-24,-0.0024973435921104544,0.01019306805687066,0.01629441998932692
2020-04-27,-0.014218305009413672,-0.0025479540961156418,-0.05302786031182027
2020-04-28,-0.013277961866884654,0.006112166589271815,0.016138714630311746
2020-04-29,0.0010099055450200358,-0.004133111730726674,0.036982835949597594
2020-04-30,-0.006060828143891896,-0.004344796537968824,-0.018663607625928415
2020-05-01,0.013494998416169421,0.003043901141987328,0.021326357082042283
2020-05-04,0.0010354136667722852,0.008562110235138873,0.0020707402176376095
2020-05-05,0.0034654845586046296,0.02417001443276218,-0.012174414371218141
2020-05-06,0.008325726025833416,0.03771529865505554,-0.01807882432556984
2020-05-07,-0.014546206074919934,-0.01853909018650467,-0.010687765677057695
2020-05-08,-0.005765441741964524,-0.003987578548186466,0.012357687087816187
2020-05-11,0.00027865208361535694,0.011247885760018537,-0.04518496619652324
2020-05-12,0.007758230017893552,0.027951552972171344,-0.004021925743330673
2020-05-13,-0.053703468328396876,0.007718047377254512,-0.019606329777990886
2020-05-14,-0.007936235852860088,0.004368421531885294,0.007842364604111888
2020-05-15,-0.0025716737883447823,-0.008068909236494358,-0.022184841835422797
2020-05-18,0.0020985017914608326,-0.01532827823189308,-0.005606268532650599
2020-05-19,0.0016256103196210015,-0.005194053229512519,0.01939253994056245
2020-05-20,0.010734044929069098,0.015127325340611057,-0.04905390242002218
2020-05-21,0.029916922156648765,-0.0046441045252977545,0.006285124148596678
2020-05-22,-0.0048787159942886675,-0.04908087901279371,0.0015806859425631869
2020-05-25,-0.003486645407677418,-0.01456296655510898,0.01641358969035779
2020-05-26,0.000375711458683133,-0.030400028056032848,-0.018621891832159603
2020-05-27,-0.0017536823380190471,-0.005733017626414395,0.031020412567473853
2020-05-28,-0.003978786491744468,-0.011439561704015264,-0.004950556514038888
2020-05-29,-0.006210346626356911,-0.022641033545790945,0.06008628009356732
2020-06-01,0.0006875703027880783,-0.0058787086054812995,-0.014797843863561472
2020-06-02,0.0017547999874046277,-0.028386171112431736,0.043727458695792656
2020-06-03,-0.02561161918170201,0.008669140374136566,0.016380655256281063
2020-06-04,-0.0030236577539109076,-0.008168957364343803,-0.006846266085769084
2020-06-05,0.00990639014214244,0.0037556659779031366,-0.03214152666026594
2020-06-08,0.012739741144625323,-0.019024801889951676,-0.03277162528277415
2020-06-09,0.05848633592479725,-0.019342556602537215,-0.12599063971178107
2020-06-10,-0.01468154674668013,0.01136498826275628,0.060312187786252476
2020-06-11,-0.02508069715620307,-0.015155775130751488,0.008486879023639364
2020-06-12,-0.01111586909519834,0.006367295982052067,0.0371551710131584
2020-06-15,-0.0035664630806272486,-0.006012798702689114,0.004431489314884166
2020-06-16,-0.08036529066348894,-4.665194655789193e-06,-0.02192122521916031
2020-06-17,0.0037760059750106788,0.00572021949750277,-0.007899155806624049
2020-06-18,-0.011182455675282598,-0.043137751085287175,0.0005471943072042045
2020-06-19,0.013978268736358353,0.014730432401503415,-0.012887512682783446
2020-06-22,-0.014353464610676889,-0.017726343810357502,0.011532318095359553
2020-06-23,0.00036323398024355475,0.0030222354041836825,0.0017395457244227313
2020-06-24,-0.0077548067283939445,0.006195613200840087,-0.014022639374394037
2020-06-25,0.024920448648696487,0.0010916295880335658,0.028805194692290946
2020-06-26,-0.018433894379370118,0.008610273472888744,-0.0006619251847553594
2020-06-29,0.007402312042604845,-0.000696978783961966,0.004130722662929657
2020-06-30,-0.014900015258091794,0.00138405479088504,-0.010877380631792864
2020-07-01,0.002890568382013782,-0.009448839803208804,0.015361282981788942
2020-07-02,-0.005654026797714409,-0.0015115622402397926,0.0023000083251134744
2020-07-03,0.009776290990218409,0.024255901840589452,-0.002446622591473984
2020-07-06,0.025372087224833875,-0.01760222486309046,-0.02287683370605851
2020-07-07,0.00910354028797876,-0.00014220379900725978,0.01535559745955658
2020-07-08,0.018203582399497105,-0.0012381228839131874,0.028279492715663945
2020-07-09,-0.00035701932829716477,-0.016386402513436725,-0.049086747339474025
2020-07-10,0.0018379328779011808,0.003499535165192772,-0.0012060362078337946
2020-07-13,-0.012996552217795682,0.017619257144846145,-0.03391820018745602
2020-07-14,-0.04331357477333872,0.0028679727932350964,0.013565765324628679
2020-07-15,-0.012800006728892602,-0.008424889325404396,-0.001377313663225807
2020-07-16,0.00851026819343657,0.0006796014993618216,-0.004226927843513717
2020-07-17,0.0022669935726500477,0.005545633732791198,0.03620686318917934
2020-07-20,0.005943072053082229,-0.010310478017855694,0.0023190804700445517
2020-07-21,0.00511143996971332,-0.004657689932479252,-0.00842653861157783
2020-07-22,-0.003965640640835455,-0.017548951816799444,0.019949057096068087
2020-07-23,-0.010745826036991965,-0.017173954199626352,-0.0203845143808103
2020-07-24,0.003167874134425056,0.009590186269272247,0.007887316288965126
2020-07-27,-0.009313792127517616,-0.007677617092422403,-0.02792272269245607
2020-07-28,0.016941457197477507,0.00654077297733004,-0.022590071773239823
2020-07-29,0.0005863784439801578,-0.015881415328977057,-0.0024903345145525393
2020-07-30,-0.009474569086485024,0.011872238500493485,0.03381508101176307
2020-07-31,0.0122799143481519,-0.0156429225963238,-0.021836429448902305
2020-08-03,0.000247691026758527,-0.0023009713703441258,0.029623478336991214
2020-08-04,0.02121124319142416,-0.013780984006828716,0.008730546017011212
2020-08-05,0.0015960978838469677,0.006518629580464813,-0.01567173113107083
2020-08-06,-0.0007933769046539351,-0.004340880087843658,-0.010675646116287693
2020-08-07,0.005690891923638329,0.006018736062197077,0.023125569696103705
2020-08-10,-0.007084117869807663,-0.013028292121521994,-0.008916134532589756
2020-08-11,0.014544080099727984,0.00034658050560144144,0.008981935003233169
2020-08-12,0.0067280578371994686,-0.003157036378632266,-0.01226426511487065
2020-08-13,-0.016169033028134706,-0.0035453144657591586,0.0054764639094459725
2020-08-14,-0.0018283466160129826,0.008026366787137463,-0.001894563434201703
2020-08-17,-0.010611558926216064,0.010181911201928198,0.0027608244484534942
2020-08-18,-0.017330919212898036,0.011515823080671821,-0.0591145116480001
2020-08-19,0.007744068328936866,0.004905955926058182,0.021631370339309935
2020-08-20,-0.00010241328694338603,0.018215999262844115,0.020844965556227602
2020-08-21,-0.005599159722329256,-0.002127332120064597,0.01695046339773575
2020-08-24,-0.011536771283403843,0.011333094508625116,0.0307110742753824
2020-08-25,0.002628890467991305,0.00047225831596256035,-0.0020432794403732833
2020-08-26,-0.0012611329829949824,-0.0011017636993241352,0.013319629354989653
2020-08-27,-0.001984491541238048,-0.005391266725846746,0.009554375097997257
2020-08-28,0.006681829828504333,-0.016869929898995648,-0.02404315224488713
2020-08-31,-0.002500116214904147,-0.012219868790766236,0.03902051748187743
2020-09-01,0.0009737051824081138,-0.10581428350071061,-0.002686448216156848
2020-09-02,-0.010161232803568341,-0.008965790251326284,-0.0009192414242734713
2020-09-03,0.008994659740615283,-0.010101685482059287,0.009131798734868557
2020-09-04,0.0015067471264734356,-0.0017263073427959857,-0.03464855259274913
2020-09-07,0.008518419901698167,-0.00527906553006524,0.046956777957767606
2020-09-08,-0.03838637491429847,0.0026078917294142905,-0.03370591764475995
2020-09-09,0.02305646517261002,0.047581913324600815,0.021496056197984434
2020-09-10,-0.004956933174127304,-0.024178128935308067,-0.018781968116294397
2020-09-11,-0.001329388158496615,0.026223385237738962,-0.031223568006397424
2020-09-14,-0.004742496079640126,-0.005242717149721141,-0.002800686206875521
2020-09-15,0.0006913135696451604,-0.02185464594979472,-0.02464659185533527
2020-09-16,0.030833573445212564,0.02108133441399529,-0.027044770589709825
2020-09-17,-0.004026143690058764,-0.006947341789061595,-0.023659790075408128
2020-09-18,-0.016407211268559325,0.002784869423100643,0.008069090098968145
2020-09-21,-0.012370291428568825,-0.0026074291938979416,0.043352714457784644
2020-09-22,-0.011695009286234475,0.001041295117349397,-0.01984856527055763
2020-09-23,-0.0005450018024992515,0.022296540180352778,0.006986163805466338
2020-09-24,0.043496426306579974,0.025744017458614602,0.0044757987048634675
2020-09-25,-0.0038486665683608308,-0.009009186658752059,-0.012417967962117612
2020-09-28,-0.028919245536899688,0.007857718334257292,0.020572877580833097
2020-09-29,-0.007522479667323272,-0.0066039340860089765,0.030120114663611548
2020-09-30,0.0009139853036274695,0.010923187079171327,-0.005437621274947013
2020-10-01,-0.005086598167018376,-0.010044256137960554,0.010061924447957414
2020-10-02,-0.01213803582252967,0.0029382110007047492,-0.07530843424308657
2020-10-05,-0.0033303500432152883,0.014795461837567404,0.0024567468329812748
2020-10-06,0.018912784740427978,-0.0052642681680968,0.04366659993108318
2020-10-07,0.010302091173807794,0.0049422198671533355,0.011742665606170481
2020-10-08,0.00468075476752734,-0.0045614569961887055,0.0027460806185091637
2020-10-09,0.0036360748356479068,0.010592906788674986,-0.002592157068182152
2020-10-12,0.008662766427858012,-0.0022115333820988004,-0.009578968128985484
2020-10-13,-0.008847765697082611,0.0004089831344794458,0.004342330865189526
2020-10-14,-0.00982592637269749,0.003344848627054694,0.018547762189115927
2020-10-15,-0.00870063070567554,0.001585431557881301,-0.004849792032653502
2020-10-16,-0.021239043487054157,0.009158048432492252,0.008090196479529289
2020-10-19,0.02771600283435439,-0.0037775242591532553,-0.017966651924572533
2020-10-20,-0.007266787633298966,0.0026715638482923522,0.0029569155829250594
2020-10-21,-0.014420103747171351,-0.006711536281400109,-0.006292704136243353
2020-10-22,0.000523378511672659,0.004667518379159996,-0.0510375162373772
2020-10-23,-0.013932356599573313,0.0014818114574038008,0.002559096536344178
2020-10-26,-0.0022343380355387744,-0.00812017477809392,0.0042253068449222666
2020-10-27,-0.006354301208569791,0.01355324788972525,0.007396863534969337
2020-10-28,-0.0007198451067100586,-0.011075074572993934,0.005615726479002995
2020-10-29,0.01384328516961422,-0.00238898630749152,0.01256943464686695
2020-10-30,0.019502623906985986,0.002917719130508326,0.015394744330415369
2020-11-02,0.007483115155335397,-0.0026487021418143235,0.007582839213025759
2020-11-03,-0.02626031748802363,0.006726690114608274,-0.00719418436406557
2020-11-04,-0.0005738867704942516,-0.0039576511692082286,0.027176677822821696
2020-11-05,0.010815317853840703,0.005066967054565097,-0.014403863088441547
2020-11-06,0.003652948156155723,0.006131882214391525,0.009172505212656612
2020-11-09,0.004493673203542658,-0.000992439827565643,-0.03108397633683214
2020-11-10,-0.0066355885204237176,-0.022606193381997382,-0.01171847525883238
2020-11-11,-0.02363373061995623,-0.00438485728506842,0.02759166984846478
2020-11-12,-0.0010910062338489054,-0.0009446336514777578,0.034553625498125934
2020-11-13,0.0016379147497879484,-0.015247620895514543,-0.04638995651496792
2020-11-16,0.004946986044162693,0.005101111407301577,-0.0063033538309869245
2020-11-17,0.001573843674780698,-0.01741451061982904,0.005039373969482984
2020-11-18,-0.0025766361292252956,0.0212105084919344,0.0075803917691676295
2020-11-19,0.023706060060374314,0.012226745510206548,0.0374563327450551
2020-11-20,-0.004174053046333559,0.020215933922411236,0.010478473278689835
2020-11-23,0.007108184655877016,0.000941433529580642,-0.004931840915977021
2020-11-24,0.012540049976399688,0.012797118521369883,0.023109200726147007
2020-11-25,0.02820522652850891,0.026081981514245105,-0.0020115018614484674
2020-11-26,-0.0024502584630618136,0.01634088228691031,0.01748629671088815
2020-11-27,-0.0045351735644532315,-0.052380920137596175,-0.0019141392516443493
2020-11-30,-0.012975004036231004,0.0007593687907680477,-0.004492205826986685
2020-12-01,0.00614322546725023,-0.01888354411832244,0.03267979054326997
2020-12-02,-0.0014907526761601896,0.022037237229831717,-0.006545085459522851
2020-12-03,0.004628852830482976,0.013878600303987737,-0.00842899493814261
2020-12-04,-0.004972593939868209,-0.06166727808866567,-0.007387101645747824
2020-12-07,0.011421784299437205,0.015531130278851578,-0.05807041176149293
2020-12-08,-0.0038264004980665387,0.03292433813701898,0.00531893095715416
2020-12-09,-0.008845044996577359,0.012977391678924541,0.016684057709005058
2020-12-10,-0.01838400367842931,0.010309494859922693,0.010256076269037557
2020-12-11,0.009553079598959095,0.030919709304166418,-0.018707445669927783
2020-12-14,-0.001937649977431578,-0.008903283326976924,-0.04569911296208092
2020-12-15,0.017928225493048063,0.01882212834668688,-0.05370213437558137
2020-12-16,-0.0028301508240915676,-0.019916154262803826,0.025912566030942566
2020-12-17,0.004649573269546023,-0.0025547691111567753,0.0004083387527570481
2020-12-18,-0.0014091853525962845,0.0005236368376241252,0.008317266839749515
2020-12-21,-0.047954501551017506,0.002808339738992093,0.028978659291951314
2020-12-22,0.00038320116220447273,-0.009859927249718561,-0.008932120091836714
2020-12-23,0.005427714900044425,0.0011287981094336148,0.01681904467945091
2020-12-24,0.019818955151514717,0.008926669487834946,-0.03115986997861214
2020-12-25,0.0026975754530710132,-0.0021765217783858344,0.002753143924131755
2020-12-28,-0.0054313917325271984,-0.0035857858276608944,-0.0036937852312077914
2020-12-29,-0.00034421580699753914,0.015437949090198024,0.0017685969558123892
2020-12-30,0.006102593462973713,-0.01164761563381411,0.01677486119020398
2020-12-31,-0.023654058891480388,-0.05740247110001087,0.03605027351961559
2021-01-01,0.00023486761972494303,-0.010302217024776008,-0.0021572784065747065
2021-01-04,0.006823530626206993,0.0027572945410600804,0.0013455306426953333
2021-01-05,0.004814718911150232,-0.017174087996271407,0.019179037249922155
2021-01-06,-0.0013892685842541313,0.009063985263940024,0.015480259876700096
2021-01-07,0.011402379463177246,0.01594743489958865,0.002538566761124983
2021-01-08,0.0038725410228604195,0.0029642676465767067,0.00931479901476356
2021-01-11,0.0008887559598562961,0.006977769502971798,-0.005943734714191987
2021-01-12,0.0028251088396954336,-0.018690239796727813,0.0107572155652508
2021-01-13,0.0024410068063530172,-0.0023392200224893315,-0.0026286060247390514
2021-01-14,-0.0012972015129868281,-0.005630020519112293,-0.008052746153434057
2021-01-15,-0.002393996844766536,0.002628952028355944,-0.01673006554722839
2021-01-18,0.005457797549987341,-0.013805407232290517,-0.016681721487999523
2021-01-19,0.004222091147515312,-0.00020086721586211093,0.013692182076129857
2021-01-20,-0.005087602874312876,0.00990815376150839,-0.019234783053440247
2021-01-21,0.02197108758347677,-0.01143100411739588,0.007910268328309968
2021-01-22,0.021191950080388867,0.018403201336065066,0.01939207951843502
2021-01-25,0.0024653751215196165,-0.0052608342949359895,-0.04118732045172937
2021-01-26,0.0005376372951188279,-0.002004525018640312,0.028978001747134205
2021-01-27,-0.00548150624706753,0.010091791730287887,-0.0022811586106109456
2021-01-28,0.0016108092026712285,0.00391453812770681,0.005517181617466236
2021-01-29,0.009449194066322648,-0.0003237393619482311,0.0028827035418762348
2021-02-01,-0.004477201033678117,0.015542686557214015,-0.009312411170651225
2021-02-02,0.03230274385335443,-0.02931096486184737,0.013829693593860728
2021-02-03,-0.00010734450458234433,0.023315899574805128,-0.011100723940125973
2021-02-04,-0.0162989296086794,-0.0008620163812976513,-0.02018156777984971
2021-02-05,0.01626933299478988,-0.027211270836304164,0.007294926515787734
2021-02-08,0.005019700079636968,-0.15405700398226937,0.008050847278136776
2021-02-09,-0.005061583997340385,-0.016405657531360127,-0.007089850994738024
2021-02-10,-0.008328606998597532,0.0021190440825751174,0.010896280463162262
2021-02-11,-0.004220644644741063,0.003350291920829718,-0.0059906948557254015
2021-02-12,0.023224092868851937,0.007892973267582308,-0.00026070222015676085
2021-02-15,0.01777222712098436,-0.00538849260344272,0.006033367837821107
2021-02-16,-0.002650069531178673,0.011866526468004108,0.009725170598973801
2021-02-17,-0.0006515852650406697,-0.004031138865263772,-0.04448704733509508
2021-02-18,-0.022183126698581846,0.00490224171301823,-0.006328553977214807
2021-02-19,-0.0010851639873827865,0.002785037349883666,-0.03725768755402626
2021-02-22,0.013407989992940777,-0.0575945132526399,-0.0035236160528620557
2021-02-23,-0.004670614126773963,0.035465669097129025,-0.009712335684919977
2021-02-24,0.027394189193289308,0.013073298963854174,-1.5981262355462792e-05
2021-02-25,-0.013326100035713655,-0.0458734700853165,-0.0016068065006731508
2021-02-26,-0.006768762413831212,0.0035774940484810096,0.002413971308368018
2021-03-01,-0.023096905687783,-0.001537308689223276,0.001116469102143751
2021-03-02,0.002056218525213385,-0.00858184299249417,-0.021389392427595477
2021-03-03,0.0028014353452836933,-0.03036662239068036,-0.022875035302381764
2021-03-04,0.003698172931686868,-0.008849036194451883,-0.0032458246239136478
2021-03-05,-0.006491819922424652,-0.014118459864681047,0.0019243482468939332
2021-03-08,0.0005465640701516492,1.9824185757336107e-05,-0.027867782304060215
2021-03-09,-0.019581221341962586,-0.0037454082346467456,-0.026754171452923577
2021-03-10,0.020584715845809235,-0.014948218748404631,-0.02373433832841153
2021-03-11,0.015884077750667712,0.026635481178621495,0.017429088595654584
2021-03-12,0.013057499250027488,-0.013023665744396805,-0.013215622107358849
2021-03-15,0.019578251220974844,-0.03772277841609631,0.014822391973668187
2021-03-16,-0.0013634688953777533,-0.006572124430034559,0.007349619075889748
2021-03-17,0.016318846491469797,0.01058489206664087,0.04801700303788566
2021-03-18,-0.006855855565298417,0.014127090608347166,0.05858445806795469
2021-03-19,0.008783687904926382,-0.014473550192576951,-0.003687346437289076
2021-03-22,0.0016344250945729793,0.008969031194048288,0.022426813316078986
2021-03-23,0.0009362137945793164,-0.02497048288078246,-0.031050584600053083
2021-03-24,0.0005620607274359093,0.022066494471739088,0.009428072597463238
2021-03-25,0.009475909229629152,-0.006877445499821424,-0.013592173807740844
2021-03-26,-0.004027049816185359,0.005129419297650457,-0.0008986896782968806
2021-03-29,-0.00023875089212367602,-0.006070338363079758,0.013539411193730293
2021-03-30,-0.0038716147901327377,0.004037748798581396,-0.0007416273587219009
2021-03-31,0.019825247113972797,0.005083416803020784,0.0070399010614398076
2021-04-01,0.013824298792566643,-0.02661892677258475,-0.003444260382087999
2021-04-02,8.652185599648105e-05,0.0468604283363417,0.03647218531607414
2021-04-05,-0.011911104135763635,0.007439065553939445,-0.029421548736317537
2021-04-06,-0.0015399599999644578,-0.0035532303379229454,0.0030756407499875887
2021-04-07,-0.006114583023200389,-0.010172438118496403,-0.0022863801261387815
2021-04-08,0.013921712714036315,0.03729026291499267,0.007143834786587895
2021-04-09,-0.006166913536103483,-0.004154072571171641,-0.005687951436733872
2021-04-12,0.025475874500000564,0.008341200630118902,-0.04317993191642548
2021-04-13,0.001971900824544379,-0.01694728866222727,0.013329425200585015
2021-04-14,0.0006969385538581868,-0.007839362302960654,0.0287131056292816
2021-04-15,-0.00034765365148300623,0.006857704081944464,0.011690505858261886
2021-04-16,0.0047654341624796676,-0.0021723220716287606,0.003980384562850082
2021-04-19,-0.004085616953112953,0.006287700071150336,0.004182218668140533
2021-04-20,0.0011595561633199916,-0.026608285354288087,-0.010899197260185895
2021-04-21,0.03307645352959878,-0.006718540969926019,-0.011840562687465821
2021-04-22,0.024516166906181816,-0.008650520500479842,0.016477327083009717
2021-04-23,0.0007075762516542816,-0.002218322448563089,0.011652715183152884
2021-04-26,-0.001071055087914058,-0.00657607676507581,-0.010751294953814878
2021-04-27,-0.0026869965792970423,-0.0034529486356478815,0.03002372761775815
2021-04-28,-0.004493362591979072,0.004465301852285786,0.0013426915028087777
2021-04-29,-0.004401038506308506,0.012152572641222428,-0.006452804977937924
2021-04-30,-0.012659451241319149,-0.0023105025074667464,-0.01258736388064449
2021-05-03,0.006113523752175053,-0.000794211758710457,-0.0013336501363444343
2021-05-04,-0.010860135170151919,-0.009192779739365355,0.020651124352221006
2021-05-05,-0.006653221106298948,0.003183096134229702,0.00586089767175951
2021-05-06,0.01844270094400748,-0.0072426422504336865,0.01479155286587572
2021-05-07,-0.008074680485349874,0.0048188286550722645,-0.04037513642324879
2021-05-10,-0.0006387495143596532,-0.018253882801020364,-0.02027756399480832
2021-05-11,0.0023044821032134595,-0.034333327199977386,-0.0009697065072773036
2021-05-12,-0.00048778632453222047,-0.0005488584607954944,-0.016179622188280413
2021-05-13,0.01718261977800642,-0.045956053475884634,-0.02374724538614356
2021-05-14,0.007444931142972377,0.014405123607138873,0.011665427328115563
2021-05-17,-0.005850545653529751,0.003139043319713601,0.01422315757539288
2021-05-18,-0.0070849528972333695,0.0034094619612013103,-0.03153456161205233
2021-05-19,0.002753841195988357,0.015212126941883399,0.02559994623813763
2021-05-20,-0.009625237412205832,-0.005995610639970649,-0.055783407612405335
2021-05-21,0.021756194635181417,0.01839153928015769,0.011010479463338621
2021-05-24,0.006145144097570501,0.00029945004183831936,0.0029418175804740154
2021-05-25,0.014000298292842916,-0.0087893660326704,-0.008103481418631575
2021-05-26,0.00501213878032376,-0.034511287146461705,0.004936982418531319
2021-05-27,-0.007364891855939382,-0.0016318432163706686,0.05358405142010245
2021-05-28,-0.0018619398765424191,-0.0011180322567215474,-0.002548194147017443
2021-05-31,-0.01372547905532849,0.012741441090088727,-0.010798400518466892
2021-06-01,-0.002017416148893648,0.006841795396481144,0.015734284748502483
2021-06-02,0.0058216753221121,-0.0022811069440977095,-0.05106600612247718
2021-06-03,0.000499850905366505,-0.018259766287357117,0.008359015896465672
2021-06-04,0.0052865779793632274,0.03394939543289568,-0.08717707954067289
2021-06-07,0.01407721100320804,-0.0020804581688113706,-0.016176868053958193
2021-06-08,0.002592438051187208,0.016903108857845607,0.04893584395264727
2021-06-09,-0.0024920971233734525,0.0077954538760105045,0.02069996125219947
2021-06-10,0.014994460596922625,-0.01573993801408723,0.003992101806107678
2021-06-11,-0.006647835853691335,0.03921447687319839,-0.0014726092812385916
2021-06-14,-0.029903278820136853,0.013033444707372263,0.045278183699907035
2021-06-15,0.0017102441601108995,0.013779592509305591,0.024805057616311937
2021-06-16,0.01397789266344153,-0.014495045150279318,0.005429829270169241
2021-06-17,-0.0005119869021948076,-0.021600686224053575,-0.02756597244204747
2021-06-18,-0.0010770515100830718,0.0030763282537070976,0.021908968548871324
2021-06-21,0.005650268136869449,-0.012536107763216755,0.007954366076483515
2021-06-22,0.0007227899975337692,0.022976814237618277,-0.008794995160559961
2021-06-23,0.005431925975610997,-0.001946873713017475,-0.0005861797901183141
2021-06-24,0.012723059750123177,-0.0037129373910737714,0.019231297612969
2021-06-25,-0.010622810680970839,0.00036843202358354796,0.06297322274888428
2021-06-28,0.004987344054379311,-0.004751556331552998,-0.06288696452965775
2021-06-29,0.009938139269706778,-8.860454943151246e-05,-0.051176118352326466
2021-06-30,0.026339993962817762,0.009144137610373476,-0.00012123373315085593
2021-07-01,0.0037657381734151683,0.0036806888785875995,-0.005451833444061923
2021-07-02,-0.031216589597195945,-0.011759631700965764,-0.029290684530930353
2021-07-05,-0.015826033097624526,-0.023229149320792265,-0.01950493927991695
2021-07-06,0.004264007552233233,-0.026411214820998147,-0.004260087220308776
2021-07-07,0.007288590197909379,-0.008983002886395175,-0.008293213243081538
2021-07-08,-0.00786936890503804,0.00837709191980441,-0.002497028719631815
2021-07-09,0.002485359144918652,-0.006102827421236079,0.016977652064882248
2021-07-12,0.03783812990195104,-0.0005446208464160411,0.013551043183687186
2021-07-13,-0.0071261949938843635,0.039948076650942695,0.007631312102153469
2021-07-14,0.010193990669922093,-0.007025312246052739,0.03964459246022142
2021-07-15,-0.0014618748676159376,0.01664549709022648,0.007682374636058488
2021-07-16,0.015848311542297076,-0.025272504568753403,0.029418394584900982
2021-07-19,-0.004768838396613299,0.057762600812933856,0.030244856671724468
2021-07-20,0.002613947450593142,0.003159654051370778,0.003967238953449359
2021-07-21,-0.015689490813207158,0.022127678243087798,-0.04137299469874084
2021-07-22,-0.016194957340220955,0.002313864555727969,-0.012355645706460557
2021-07-23,0.008564076262191241,-0.018494907797416815,-0.0382123399967396
2021-07-26,-0.004189392628971921,-0.006739136603149696,0.009694208838856227
2021-07-27,-0.012351599156659373,0.020669698997129254,0.004708535870054319
2021-07-28,0.002727438748166266,0.013299461961833979,0.01887167903693402
2021-07-29,0.024546570909751285,0.005937943302929869,-0.00029422657039396044
2021-07-30,-0.000502686217897032,-0.010828281877090118,-0.014442833441375058
2021-08-02,0.004398721990741016,-0.015423857203928417,-0.010040612361338536
2021-08-03,-0.016775153489943868,-0.010014658467859577,0.04654132104948956
2021-08-04,0.0018832153215425475,0.02813963448611663,0.010654668520544221
2021-08-05,0.002366537383704964,-0.035771610040310715,-0.05213134772798944
2021-08-06,0.012592943040514691,-0.01803234656204416,-0.019068783803924568
2021-08-09,0.00596172410386754,-0.0033106891326535478,-0.005540514763930201
2021-08-10,-0.001804330814314195,0.0061642300587297525,-0.009370622127947011
2021-08-11,-0.0033666187917417447,-0.0039977647348961335,0.013250804506639662
2021-08-12,-0.011482333222327784,-0.015532236024475801,-0.009949672400236578
2021-08-13,-0.0008699504356915879,-0.017382433595651628,-0.0037401735979854726
2021-08-16,-0.01792401485009589,0.01949483525814845,0.035388527149897146
2021-08-17,-0.0034465254319862807,-0.007768620716308363,-0.008477405467121935
2021-08-18,0.002943954189041238,0.02440262959412003,-0.005021788004785738
2021-08-19,0.009593812787842765,0.002196551094328099,-0.02172226358126221
2021-08-20,0.014463114094355786,-0.003338999041801588,0.0027578503203833514
2021-08-23,-0.016325138988827564,-0.011401546463113041,-0.008238069723946697
2021-08-24,-0.005071691291974228,0.013875076490012463,0.050599095315069516
2021-08-25,-0.008833498776781698,0.009946773940136476,-0.005571945769330173
2021-08-26,0.0001841611370811966,-0.027489120764638945,0.007219959231632872
2021-08-27,-0.021199605556111625,-0.007479182715963365,-0.005291158010336843
2021-08-30,-0.0035011051445858767,-0.027960482567770555,-0.04379975170623111
2021-08-31,-0.006970095328621867,0.0002839409111876705,-0.020273872899317355
2021-09-01,0.011485264053456432,-0.02499776210977505,-0.005497444016665075
2021-09-02,0.012533852767800122,-0.0006540454700048798,0.031087112206275767
2021-09-03,0.009937595837641398,0.02638333842964275,0.005025342985787778
2021-09-06,0.0028995076065515546,-0.006564945420690322,0.005073450259312865
2021-09-07,0.003290823148366359,-0.0022327271636267687,-0.06361701197767483
2021-09-08,0.021187013871424645,-0.017643929670473225,-0.0021325359508834814
2021-09-09,0.0023346536917454937,0.007024631743462748,0.00048724397597796934
2021-09-10,-0.01467361202058165,-0.004962388542791208,-0.009237137862937303
2021-09-13,-0.003038906319913867,0.03005741793819009,-0.0019702161853558994
2021-09-14,-0.00459801999999016,-0.016337397296435553,0.005034756129313569
2021-09-15,-0.0008218421604767537,0.0004006206656083464,0.007789352534140156
2021-09-16,0.005667612586343002,-0.01118107690478567,-0.05038619871656584
2021-09-17,-0.01127579729995771,0.0005576748006599494,0.03193472451193655
2021-09-20,0.0055054053762339595,-0.013782480368744333,0.04409294713091377
2021-09-21,0.010008170321298837,-0.007750422634557454,0.019190273681685854
2021-09-22,-0.0023583165962493867,0.004782331698537926,0.02621347231026561
2021-09-23,-0.005303131283810366,0.011413952759065406,0.056473894044156564
2021-09-24,-0.012198704042561149,-0.012682627117322227,-0.0060153359579814495
2021-09-27,0.004353310695510509,0.0012222558047943447,-0.037885812367720643
2021-09-28,-0.026243647642814012,0.013449417052477541,0.09664079956445501
2021-09-29,0.0025404758950482633,-0.00031253141019616876,0.01765900801681706
2021-09-30,-0.0020292482719946204,-0.0008359197462697581,0.004209558537552125
2021-10-01,-0.0021316270536172713,-0.008951693620411538,0.054989191206192445
2021-10-04,0.005906045010357266,0.0006516361223133049,0.00957426189965201
2021-10-05,0.005156531211469707,-0.01212269375632516,-0.010967338220887272
2021-10-06,0.001178317908123777,-0.0007333085943906573,0.017854639435015168
2021-10-07,0.0012195831642301772,-0.013151155567412545,0.022996161620876598
2021-10-08,-0.017633814431993425,-0.006136729346679692,0.06341271416289797
2021-10-11,0.004001373106420466,-0.03442695040170521,0.007354863770230564
2021-10-12,-0.02658035951018472,0.015167332276527104,0.0008613894710038628
2021-10-13,0.004998790592110952,0.009021415505714704,-0.010844823634460241
2021-10-14,-0.004475764139813467,0.004894418089980156,0.031006727531908185
2021-10-15,-0.0017039633665061307,-0.005034310415742503,0.04266784662100659
2021-10-18,0.007407163916740974,-0.006063089442694741,0.027855092348003745
2021-10-19,0.002173405122878134,0.07764123578973142,-0.004424282407104222
2021-10-20,0.011718880559984738,0.01246926000611282,0.015221979264569663
2021-10-21,2.93771870846663e-05,-0.014652847017072335,-0.09795483067038703
2021-10-22,-0.005605586774754163,-0.005254522577571874,0.03718586244852253
2021-10-25,0.011097859278105702,-0.007092875661660803,0.0022581072316472973
2021-10-26,0.011108062110976853,-0.016811889030775247,0.0011234303861555593
2021-10-27,0.0021104448957073025,0.016284133134970832,-0.00405141047360231
2021-10-28,0.00953208088291747,0.0828630971745734,-0.016538356434132113
2021-10-29,-0.0032248723741295777,-0.0007637500941211562,0.0069341729430035205
2021-11-01,-0.0059308532134663165,-0.010544202489445329,-0.0038492368577131286
2021-11-02,-0.03202393304530155,0.008854382849573102,-0.0055033398199112685
2021-11-03,-0.008251402279371373,-0.011543079837224286,-0.00408175343385937
2021-11-04,0.0027746655604366922,-0.009988479379564645,-0.014735284036132392
2021-11-05,-0.016093446361295692,-0.004038166232950821,-0.026571329294301636
2021-11-08,0.026722541985394983,0.0035615187720121717,-0.0406987546624217
2021-11-09,-0.0048946880699240105,0.012678667203699171,0.0358568370831147
2021-11-10,-0.0014715650162594525,0.0004023805417818633,-0.007313793851142748
2021-11-11,-0.017775184264037073,0.009315326031560899,-0.008390610183583032
2021-11-12,-0.003731730966169522,-0.0063675899400483125,0.00035622196198678997
2021-11-15,-0.009502346331719307,-0.0022027920836637342,-0.004079657307570764
2021-11-16,-0.012993701091671592,0.009040180224226023,-0.013790237681837299
2021-11-17,0.004058074292882252,-0.004514703004025825,0.021841191946626166
2021-11-18,-0.0010125192325127206,-0.00974060818081245,-0.03554211466422581
2021-11-19,0.02058763725627501,0.012784315357645433,0.010886148601047864
2021-11-22,-0.0024531425298370724,-0.010587568116167042,-0.004061913915745564
2021-11-23,-0.004415702888373857,-0.012063712327259135,0.0007408754355404007
2021-11-24,0.01578990684796101,-0.0025610073534837437,0.010699244254557188
2021-11-25,-0.003888931764687234,-0.001715987106353444,-0.002588963545743559
2021-11-26,-0.0021371703939648446,-0.00838762008193094,-0.005058419757955535
2021-11-29,-0.00486687261132767,-0.011709740645472975,-0.00119032004467851
2021-11-30,-0.0170090999515216,0.0027488684589616324,-0.005053003098127924
2021-12-01,0.002548126496603095,0.019339429905003133,-0.07942352670557588
2021-12-02,0.010348414878429232,-0.023172075994556306,0.005379939865239191
2021-12-03,-0.017406636117901882,-0.020274093272676704,-0.05251889145180394
2021-12-06,0.009232807119678409,0.045678282939147226,-0.04947128305086073
2021-12-07,0.0030744335532046346,-0.017907921304092692,0.0009985675336790802
2021-12-08,0.01307379837493513,0.0027112971109682065,0.020256042210258344
2021-12-09,-0.00039179189305426786,-0.001473802308940569,-0.019393261207977477
2021-12-10,0.001024336814027936,-0.0015730849352381393,-0.027281336180357173
2021-12-13,-0.004334952298006316,-0.00368182798272285,-0.0010023811440160733
2021-12-14,0.004803470863340436,-0.027260105150770163,0.0002438992469146132
2021-12-15,0.005629294669182875,-0.011844660652596546,-0.025423837931457176
2021-12-16,0.004257273025993691,0.0075696643786688,0.003296295490142862
2021-12-17,0.0009273155030450339,0.007519536315153964,0.010930772956847972
2021-12-20,0.00281432348608448,-0.002768969205429404,0.013157132179246585
2021-12-21,-0.006447523267364654,-0.00414164384943311,0.02191018620435976
2021-12-22,-0.008654050420274813,0.004524943945551515,-0.00019012515076016583
