Date,AAPL,MSFT,V,NVDA,MA,AVGO,ORCL,ACN,CSCO,CRM,TXN,ADBE,QCOM,INTU,IBM,INTC,PYPL,ADP,AMD,ADI
2022-05-06 00:00:00-04:00,0.0047270138964254915,-0.009446630714237902,-0.011791079223829604,-0.008968409325006865,-0.01768682765936136,0.00018959869275336771,-0.0042583970710320385,-0.009909751160950608,-0.005643938762148526,-0.015089994529684403,-0.009933111641459602,-0.023719756731072295,-0.007483785530665532,-0.0345240030917352,0.01287515872033329,-0.006726398893781016,-0.04389558687351203,-0.007412097278818863,0.0156598865270845,-0.013334091313508267
2022-05-09 00:00:00-04:00,-0.03318915816486645,-0.03694541981453647,-0.04841738616701774,-0.09236945525842122,-0.05511059574853505,-0.02961554277635403,-0.013105256043953295,-0.02789610418789501,-0.007500554012824789,-0.03594573337904672,-0.014989610721491298,-0.03606047352078612,-0.04026184413604794,-0.07252776135501127,-0.01161588319640916,-0.027765267168001984,-0.02632225168763458,-0.03295851663749916,-0.0941891763422501,-0.024851084300453352
2022-05-10 00:00:00-04:00,0.016111966663647115,0.018595598108741562,0.0030052334483625653,0.03805306904938921,-0.008110068441361307,0.032811093214001996,0.013838429234969807,0.00034786710171275104,0.01205068500259232,0.0216991910790183,0.02000735697797351,0.04276881738495497,0.014008316019249678,0.01138928118310667,-0.03949714936146087,0.02182487869878935,-0.009807604567698358,0.012155076082987604,0.027443292378786177,0.019507292913520047
2022-05-11 00:00:00-04:00,-0.05184120650124502,-0.03320971806209294,0.016220634233467868,-0.05484513626968801,0.0016598360790718303,-0.024561899004079124,-0.020681142078400994,-0.023123245892990862,-0.018163460877327675,-0.03517792305553358,-0.021100882986322067,-0.034857421188158155,-0.03296532066936808,-0.0404643650009765,0.012545458396167053,-0.02681196811378017,-0.0454603407118056,-0.017942956100984286,-0.009128875885757393,-0.020809164920255863
2022-05-12 00:00:00-04:00,-0.026894235876365524,-0.01995765557886453,-0.012096070701908102,-0.027360082018922816,-0.014208059829817765,0.00786441545964034,-0.004223424983480939,0.0009610625670675166,-0.007399774179484231,-0.005270701810608069,0.007347088647029709,0.02414785012089804,-0.004006117840958945,-0.006401547487774439,0.016443569023425697,0.000233421404323364,-0.011706761671593569,-0.005035260037329681,-0.009781626800071108,0.005921456482899323
2022-05-13 00:00:00-04:00,0.03191649146305808,0.022596438290172216,0.02711760597821411,0.09465213033243791,0.03598554246674057,0.029165265167299337,0.006220701606274082,0.01977174773559831,0.02629939734771214,0.04045633691087036,0.02314657769680939,0.04365626502351927,0.02398120835977946,0.05049596546674939,0.005267188467688255,0.017740353581895185,0.06111187050178701,0.006313886833009041,0.09257989218944873,0.03826289507077418
2022-05-16 00:00:00-04:00,-0.010672323393070338,0.001455199950882946,-0.007127396066735514,-0.02496321533932211,-0.00922466659344412,-0.009468828822289943,-0.020514182577935025,-0.0020921211252635796,-0.011299421742576365,-0.016715646058998,-0.007305355752902698,-0.006388030034504499,-0.0075594046310084595,-0.032736200722101705,0.010703544995598335,-0.011926508210250764,-0.014968923985371863,-0.000910030840753473,-0.00925152289111053,-0.008189511164899632
2022-05-17 00:00:00-04:00,0.025422581830782276,0.02034425089378944,0.0312926076343607,0.052884567768480384,0.027689242676484538,0.04372972812927811,0.031128885792942373,0.017122604772958905,0.03265295443743388,-0.0023763063688245767,0.03845704695032848,0.016854512217182593,0.04316321933563305,0.0341499709105173,0.024735165091430478,0.030640708420264007,0.02704440995305335,0.03048907411180113,0.0873302583137856,0.04065040332234249
2022-05-18 00:00:00-04:00,-0.0564191781824992,-0.045529680162805675,-0.01965680946365822,-0.06816304107455273,-0.008735184746686553,-0.06179402481532592,-0.04980519286372653,-0.05809604836237969,-0.04426872663611403,-0.03908870740541959,-0.02674588450158577,-0.02873181786656165,-0.06614654557083244,-0.04990988545520614,-0.0392425383434144,-0.04617121950738967,-0.03222570150249804,-0.030052228775143353,-0.06040794737646216,-0.02392589344507967
2022-05-19 00:00:00-04:00,-0.02464145181744548,-0.0036996607751581534,-0.013100674657878675,0.010981225965752461,-0.010955572908464162,-0.04269413742922212,-0.018447963848874926,-0.0020061262083294062,-0.1373034924737132,-0.01099596839385264,-0.015737025099713198,-0.008796621989161868,0.0009200719834236981,0.025529931515315685,-0.024672731786509305,-0.008028308126875383,0.05312255063370541,-0.00791358485563809,0.0040506792126413504,0.006378262491522513
2022-05-20 00:00:00-04:00,0.001747270474906637,-0.0022911999798969074,0.008410567217042253,-0.025110906257466592,0.01191971962447158,-0.005528919975745672,0.023717127623344325,0.011110683872250116,0.02924249420611358,0.026028198162630023,0.01306528216934466,0.011942774473258755,0.007888499193358545,0.01504155712582289,-0.00910081176938704,-0.00856942461943333,-0.009104304563031351,0.00865357459803806,-0.03279195437042692,0.009320265691698193
2022-05-23 00:00:00-04:00,0.040119238989343,0.03203191627584023,0.04285788454082806,0.012219823303462052,0.03643889605759565,-0.03098369654937616,0.02054498626708945,0.02436300363921662,0.009548118394894889,0.004196764505790096,0.0007065755746396007,0.019218756416135685,0.003951238597845963,0.009761277105903465,0.02093719311081821,0.00840336607210923,0.007946354387550647,0.020705614174452158,0.016791440586355177,-0.005478977922504069
2022-05-24 00:00:00-04:00,-0.019215993949308396,-0.003951594811523962,-0.023752150626404678,-0.04402888411885719,-0.022213994458911812,-0.004103584440805608,-0.014420301546290037,-0.014397143627546072,0.009688660758508716,-0.02114529998480974,-0.012181417064005662,-0.02052809003600653,-0.027172298829264196,-0.033389829026856166,0.02005030510411987,-0.007857269445679549,-0.031165296498965045,-0.0010801252045795628,-0.041127548598569263,0.0018570146401519771
2022-05-25 00:00:00-04:00,0.0011400488078283644,0.011170063076548109,0.00597144812256345,0.05082341938417234,0.011946419569598854,0.014173947416179944,0.011589069209917646,0.0011815480261605504,0.005254798156320684,0.017332577248777792,0.012808279317201743,0.010265797294988,0.021006782438184102,0.08212385632661334,0.004409550912904736,0.012719100984597276,0.018690415666672733,0.00549990898145003,0.01634486401835078,0.0029039873984477715
2022-05-26 00:00:00-04:00,0.023199360861943186,0.012875298490196974,0.02310637252170733,0.051605164131819814,0.014879984599043272,0.035795500640556144,0.02620666436928798,0.04259036678708017,0.02250004900124858,0.017601083149459962,0.02423389625630379,0.015155294667119623,0.02750897618270165,0.04626072715713159,0.018602526593803015,0.03033166767953288,0.0037443261617471357,0.020476896851254756,0.06583916215497587,0.010349798202469396
2022-05-27 00:00:00-04:00,0.04075681030381695,0.0276042847961413,0.020762395326432648,0.053778610459028764,0.022549850553988282,0.05923810496215265,0.01562918884684028,0.043217290461422087,0.014003008181531884,0.016250149455540486,0.02205249855678182,0.04801760847800107,0.03648770635220511,0.039515757299317444,0.0173863419085154,0.024609093268832538,0.059562310676314345,0.029228544826852998,0.03554432543018193,0.02640291676771378
2022-05-31 00:00:00-04:00,-0.005346126643336335,-0.005013787467836983,-0.0033351914033517005,-0.007389234124159705,0.00025147733307040454,-0.005400533159018228,-0.011816422208430266,-0.018707820649037976,-0.012494493646692306,-0.029436707635882242,-0.00679894083467858,-0.02741579141774897,0.02475667473759202,-0.018983178136470547,-0.003087655877751394,-0.002918111338802931,0.0,-0.007655990480489372,-0.003911612727584557,0.005073041066577577
2022-06-01 00:00:00-04:00,-0.0008734445304109384,0.0020230001528724895,-0.01055763721949321,-0.018851882261156416,-0.0022633257817853414,-0.011221598081022521,-0.004449416444515353,0.0006365613155627781,0.003995506585721786,0.09878932406633001,-0.013238232122978144,0.0040337894531903284,-0.017196574966391376,-0.014693738812049828,0.0042494810981277276,-0.006978722102343182,-0.03203844333847128,-0.016237561261306044,-0.006283127683227141,-0.02155571134621337
2022-06-02 00:00:00-04:00,0.016811266766033173,0.00792882513217985,0.024389151694375055,0.06943230680500667,0.01685989331258697,0.005439118835918633,0.021508443025406665,0.026686738828250567,0.012381235162044701,0.07002888657555939,0.013186474723208885,0.055289829047996175,0.04413649445866463,0.04527751164774596,0.0051639031434882465,0.016549457536852552,0.07080499636521531,0.020016418305800254,0.07281164817532204,0.02712874576204949
2022-06-03 00:00:00-04:00,-0.03855564881203255,-0.016607118055497527,-0.01116024417214534,-0.044507933861049565,-0.014487106856009069,-0.02326870342603604,-0.018457707502555043,-0.005446462001880481,-0.011792978272529453,-0.018524364901479573,-0.02484150736513513,-0.026105848997324488,-0.03406280860030109,-0.04195751414079962,0.007349248731090885,-0.03233719271414859,-0.020267220580982848,-0.013544389388152056,-0.0210884369035913,-0.023635129244038988
2022-06-06 00:00:00-04:00,0.005227689700358473,-0.004703331213868789,0.0013637549697769202,0.0035256597930761746,0.006483693659740997,-0.0037101898741637163,0.016436845469896877,-0.0007213686211812176,0.0017679414766986756,-0.011032440130441135,-0.026518872639319846,-0.000698106626324968,-0.005523313679624553,4.8902637544756544e-05,0.01204147988087012,-0.0011524041947008623,0.0032358578902911272,-0.005301774705344986,-0.006114783699135207,0.00018158538609713837
2022-06-07 00:00:00-04:00,0.01758584008662467,0.01395351959950597,0.007326050449364407,0.0074522967032020215,0.010773520770266831,0.020954019757724485,-0.003837204159212626,0.005906753012078658,0.005294464127368226,0.023404598313431002,0.012458401320563306,0.009220933384828323,0.010324698588443315,0.018778817821196725,-0.0006999899970532297,0.004383990060805365,0.020504536681911878,0.012619004396404288,-0.0035021556198595594,0.01016508003891925
2022-06-08 00:00:00-04:00,-0.005043318277412778,-0.007669717756855543,-0.0046619953596684915,-0.014480476262190733,-0.004642593312727983,-0.013316211170121273,-0.018021885421089734,-0.012690399140465436,-0.014263815108493505,0.010900393328627356,-0.02637631278153818,-0.010567156448596737,-0.02064979664791322,-0.005256208560075359,-0.013657364371620573,-0.05283714202100853,-0.01219092726385218,-0.010302232009418044,-0.032104837505779305,-0.011620258856141374
2022-06-09 00:00:00-04:00,-0.03595573494758575,-0.020783243480256286,-0.034613599664012784,-0.03217501879677398,-0.03678962827626975,-0.016166747436007878,-0.030260528481455884,-0.02382372286912926,-0.014692734502331661,-0.010994248132635276,-0.022918276521339598,-0.005643090501869841,-0.016191686744367106,-0.033561726080185594,-0.020379068871613337,-0.02959010599300993,-0.03885271903645915,-0.014843668579754832,-0.030421966905798348,-0.020604709199160687
2022-06-10 00:00:00-04:00,-0.0386286877544898,-0.044563625420855346,-0.03202174648389544,-0.05950793539777799,-0.04083090923987065,-0.026877768109658584,-0.030049031777902413,-0.03188564825116669,-0.01739709118683308,-0.04628295459280907,-0.023517836210747323,-0.07640358347149934,-0.025674919416878828,-0.04825861117833197,-0.01282987170800276,-0.020744773421812024,-0.05718698756021379,-0.01891512887759217,-0.040283433542492975,-0.029020516305469313
2022-06-13 00:00:00-04:00,-0.03828486979865109,-0.04241281342485437,-0.03633903540998029,-0.07817835733765344,-0.044839437165856144,-0.04369353075486848,-0.04602322621385091,-0.03325053969313829,-0.005748479159507602,-0.06959931847209622,-0.026936271746503482,-0.056342683952212425,-0.03408400373933629,-0.04519698985051035,-0.007930073582750885,-0.03598780342061203,-0.07036572025618604,-0.03241662103236875,-0.08257753486875508,-0.05830995116491999
2022-06-14 00:00:00-04:00,0.006672697657604143,0.009205067031611502,0.006553675981743501,0.012078968551721747,0.007506063561985021,0.004926378863963299,0.10413733477377551,-0.004991061126452756,-0.007631928788789377,-0.009516363564845753,0.0035823933323881896,-0.002233247910389591,0.01243587736756191,0.00217037808751952,0.004514777235614664,0.004236219130741237,-0.017091727012568447,-0.0030766950955418704,0.0,-0.004060441161837791
2022-06-15 00:00:00-04:00,0.020111478987851372,0.029735331737356985,0.013641989038952529,0.04363473352508551,0.010088805666046197,0.01257285460241131,-0.01442302508075144,0.022063065891660072,0.020741089327490636,0.024931627726366257,0.011941891169531704,0.016450045798586554,0.005911237783577272,0.03772132920140425,0.009873319007841053,0.01898231435623554,0.04650845693019323,0.014794404873281541,0.02655483670209824,0.019773126354670767
2022-06-16 00:00:00-04:00,-0.03965146831966815,-0.026970136043860893,-0.036245911165385225,-0.05602952072868683,-0.05104651331264887,-0.05606502414788439,-0.014203857246173124,-0.036594463438192615,-0.010958816144878702,-0.051616711899854506,-0.029181697134703755,-0.0314125714572564,-0.07792110001023511,-0.049955044909379076,-0.010141590180868243,-0.03389383014982217,-0.06066198553403246,-0.034805656010650554,-0.08118700730388484,-0.04410978071073379
2022-06-17 00:00:00-04:00,0.01153313158443492,0.010940086261541415,0.0050779143955581585,0.01788345712464845,0.006185590518666517,0.0029566974508283828,-0.014408289503009208,0.016537502383256797,0.0016158799053016537,0.021332425856224635,-0.00772942264824239,-0.011750789375288284,0.0014070577937654871,0.028028735900877066,-0.004790995279500776,-0.009909021492363834,0.02344515078255638,0.0017004817469541411,-0.005850132103356609,0.008155599127134039
2022-06-21 00:00:00-04:00,0.032760810438059895,0.024591227266297366,0.023051486837432966,0.04319905036752614,0.02159717442617226,0.018643230498512908,-0.000590685392974688,0.02669043081549538,0.017285004439433038,0.02186700627427296,0.021704555738546683,0.006097679085753205,0.028101488454723045,0.0208813188096717,0.020959834279540734,0.02055722643392488,-0.007270216299086529,0.032754187614014274,0.02721590326111012,0.025720783218870835
2022-06-22 00:00:00-04:00,-0.0038271776133709245,-0.002404078659588027,-0.0029322123368692443,-0.012435102546476173,-0.003938205921554805,-0.015225224168596396,-0.016991701502192758,0.012980496016174348,-0.0129134304834444,0.0037163286602091006,-0.005604140466090923,0.0064464486648232455,-0.017927449890736247,0.009034743144807678,-0.00558580006344056,-0.009276443032726012,0.008290706803233183,0.0027073875776979506,-0.0004773948572655007,-0.004718625984399316
2022-06-23 00:00:00-04:00,0.021573675237953616,0.022636476160732277,0.01454952116488295,-0.008251897069600611,0.0019294887387422133,0.0009675562233100177,0.016533759716197638,-0.001990206324536059,-0.014688887832815745,0.03344285581113837,-0.009567541639426524,0.030958389652842477,-0.016945046827393173,0.05227920100765471,0.009921217507646407,0.0008025716560566831,0.011511529722330716,0.015332703891608013,-0.0157611903859608,-0.014290591879038583
2022-06-24 00:00:00-04:00,0.024517199098925913,0.034149906484331805,0.04510776950694373,0.05553159310434563,0.0433765722168733,0.02519231871596439,0.04539410193652538,0.047370834674604234,0.027253570304219377,0.07437153938297358,0.03182476873910556,0.02941797509913524,0.04171874266296238,0.042096041089110914,0.026148573954105636,0.03207701766277338,0.05243195873986917,0.03898751447654414,0.05641151896959218,0.028514532064152665
2022-06-27 00:00:00-04:00,0.0,-0.01049681872695618,-0.00948857115442836,-0.015006379919505264,-0.005052875961760073,-0.006639306289058511,-0.004101718522766862,-0.022547322104748302,-0.007483009796614426,-0.02479561454256507,-0.002116021934356782,-0.017151536870802175,0.016626729496568515,-0.03088935034184126,0.005209042566381994,0.0005179690031813511,-0.022399560465161228,-0.0021938891760265866,-0.010564976453838582,0.00601243765424786
2022-06-28 00:00:00-04:00,-0.029789539260456244,-0.03174906376251496,-0.026724270572754727,-0.052581599828591896,-0.03205306405697195,-0.014356025314195664,-0.025990676207437446,-0.03014154536564606,-0.016221036304490344,-0.05432679376405236,-0.009381772397310306,-0.04051749585285447,0.034753978184225875,-0.045537612569527375,-0.006582597001524637,-0.02200375199167226,-0.054253392337733186,-0.019467685722342365,-0.06244202244827046,-0.013945108811576734
2022-06-29 00:00:00-04:00,0.01302378495565315,0.01473796897419688,0.006965492573278942,-0.02753109035147372,0.013509677944320675,-0.016130004138937948,0.009186321930898966,-0.014059183978964551,-0.004180337312153948,-0.004957459875375547,-0.008951719744097142,0.007849451847113498,-0.01041041162425227,0.008723978680374334,-0.008106621531249525,-0.012969710225884334,-0.00487327312180863,-0.008735865652158448,-0.03453826389809744,-0.008216045941544237
2022-06-30 00:00:00-04:00,-0.018027708553419175,-0.013179225337879408,-0.01308274200088333,-0.02464287289104261,-0.022040339736811076,-0.009379944739399737,0.009536317260653071,-0.007719440048980508,-0.005596969796076934,-0.03264760157254698,0.005694444008146782,-0.006621444888483707,-0.019120067678944475,-0.010829897877924433,0.0034112854405665693,0.0032180347346257854,-0.02280684000240829,-0.01013248855123472,-0.01948963565458084,-0.008012590604021264
2022-07-01 00:00:00-04:00,0.016164297224789292,0.010707576191843371,0.01163085264323338,-0.0419552600066192,0.008748591245470116,-0.01640557260794062,0.014312176551094069,0.01080487038498723,-0.000938124250762451,0.019146896453339224,-0.033257508172129246,0.006610974823456406,-0.03295756905330072,0.0074460011761234846,-0.0004958471298155409,-0.028601961310155466,0.022336845214608436,0.015187630837279809,-0.036615705597762616,-0.021767273158524114
2022-07-05 00:00:00-04:00,0.01893044881102468,0.012597342970894765,0.006827966120100504,0.030365636619195557,0.0032051806200421584,-0.003222829661573612,0.01580362979160288,-0.019525991669784193,-0.006158203172555221,0.02378121327333238,0.003770173366689944,0.021737893533508634,0.01861899436288872,0.03067144070836436,-0.024801590125699602,0.009631158089213221,0.04201680582475409,-0.0035173629774709614,0.02076827497386624,0.001119528285389082
2022-07-06 00:00:00-04:00,0.00960735053838957,0.012782806772353439,0.002892216017986282,0.011093245194205403,0.002850313611208799,0.013247905879044897,-0.004583868421148329,0.0027983124491197664,0.017397526281776488,0.003077809458127856,0.011468646282115635,0.016839747409868266,0.009775034219448697,0.011718462740810454,0.003342598118929674,0.008176757003292678,-0.015591446751595628,0.022496216420188286,0.0019947012229555305,0.01139302296297684
2022-07-07 00:00:00-04:00,0.023999448271312618,0.008226597793465906,0.008353236105655748,0.04811639187135719,0.013732403860551523,0.033008107934737074,0.0023722511221675457,0.012538816608352432,0.012415116069854237,0.022636506448346916,0.025727884294481695,0.02105380549820235,0.057768035524738526,0.014645324294077833,0.019915927908282116,0.031089438976438233,0.0245767764098781,-0.0034059881118057023,0.05242209233744499,0.026745042217665382
2022-07-08 00:00:00-04:00,0.0047145856506589645,-0.002756969849032065,0.003796881965014265,-0.001261163554519662,-0.0031166699254793206,0.00030085831036519295,0.000556887273597706,-0.0011809473099977374,0.003933333410537809,-0.006453800914784424,0.005430073294379945,-0.00370951457620472,0.011979143475942644,-0.008167560904483229,-0.002556229309973901,-0.003932793253891065,-0.021455231752514847,0.003463916936204736,0.0006304592741395165,0.009221214303707814
2022-07-11 00:00:00-04:00,-0.014757925615291767,-0.011768710296698903,0.007319274919099339,-0.04331360383342797,0.0034978784135988317,-0.03174322351399628,0.0002794140343655993,-0.01505013385968168,-0.0032265143130542073,-0.00649572301793977,-0.012666312164680615,-0.013557926114925234,-0.02771854192788792,-0.010447185726493613,0.0037730585885535906,-0.020794964438484942,-0.04031048716016439,-0.010954140517701494,-0.030245766503217197,-0.015873058073802238
2022-07-12 00:00:00-04:00,0.00683378325611117,-0.040981465712348286,-0.0011703272689757016,-0.004619794470974048,-0.00410260394474915,-0.0030857600122772277,-0.016207808828324288,-0.004365615362292519,-0.009017317576135775,-0.04605413369573108,0.005861007794109918,-0.022438554339377026,0.005369035156383317,-0.04145962147947235,-0.012907863592530933,0.0002687483465677598,0.013622804992809101,-0.012099250351525814,-0.00766726915255711,0.0033207012509750555
2022-07-13 00:00:00-04:00,-0.002536618002159874,-0.0037450034070145577,-0.0032712032097673704,0.005436888055342148,0.001579654691366228,0.0007479046650737953,-0.005397109125638733,-0.0019435105015325194,-0.003733081568690122,-0.01707446826565462,-0.001100742053698811,-0.009586211912451903,0.02023315424404215,-0.0066343685456384804,-0.01436986667566631,0.0,-0.0009799761238297178,-0.005746789560909682,0.015191147504490576,0.007700081947935367
2022-07-14 00:00:00-04:00,0.02048246561744471,0.005381499816937918,0.008621155044592488,0.01371665841127978,0.005133508269118847,0.006040730501536862,-0.008282169086647584,-0.012859693503186165,-0.008665138095707348,-0.014985700193971163,0.02307352534496543,0.0027423482469663973,0.04615156100868112,-0.008974512575724236,0.013704659877204817,0.013437165466719803,-0.025364315346308897,0.0006158350340432772,0.01393191276861705,0.027615789718168138
2022-07-15 00:00:00-04:00,0.011450186128794337,0.010390393231439532,0.020057222144811204,0.02537075766832575,0.023197881247702945,0.020262398714199215,0.01857449901423247,0.010607769576540305,0.017481667083847574,0.039369174497013715,0.017041404889998057,0.01850062755944548,0.01740666051232176,0.03445922538961366,0.006184415583838421,0.024131566018712025,0.06268871918103192,0.013873156416455368,0.03193387003762971,0.03039593471437052
2022-07-18 00:00:00-04:00,-0.020643290696107708,-0.009621374197484212,-0.013473554715675018,0.021507420317109505,-0.00469076527874146,-0.006876140717788859,-0.0074921300221483245,-0.010570146437418826,-0.010912488145449983,0.0030469261080079413,-0.0054191930759308615,-0.012188634085660066,-0.018563366982553675,-0.011985936447288625,-0.012793044647449792,0.002330408811505702,0.00297650629695978,-0.013169614837235,0.003945255731922392,-0.017218450230774396
2022-07-19 00:00:00-04:00,0.026721940832983737,0.020766952532997873,0.031127853549483442,0.055338248387307054,0.028307245362365174,0.03653317457581973,0.02891321840279404,0.04239727097291479,0.03356807984846033,0.03526117213929969,0.031126792929219382,0.033579338584398544,0.040087472555177195,0.04020598852607504,-0.052486774948847015,0.03900810891682238,0.04869824287205282,0.03615542697643148,0.054648126385421936,0.039935589829078966
2022-07-20 00:00:00-04:00,0.013509945374156063,0.010557529071089755,-0.0013573082485522914,0.047963771884099726,0.002614675842518066,0.0054420682096167905,0.004844899522473689,0.005784872027124299,0.0022712536534925665,0.04970945003745131,0.004190906275018946,0.03522162838113618,0.029449772176587397,0.04107867783766572,-0.012989060551354625,0.008453476555589479,0.03215847785821868,-0.013244984906249369,0.04133678580918354,0.01034376953624494
2022-07-21 00:00:00-04:00,0.015094113187847258,0.009799017241419516,0.013216495269292139,0.01364630388352861,0.016555898122676105,0.011548125125374176,0.026863286320856883,0.022544956377344327,0.010197131395367487,0.015894816134724987,0.007318647718864035,0.01848119158189432,0.027354738636808484,0.033892229860355894,-0.01571447751522692,0.0012327147453981002,0.03128118398621993,0.009442171566818702,0.018561959376609538,0.012690069055180553
2022-07-22 00:00:00-04:00,-0.008110791091045955,-0.01691590948850996,-0.011517708396231785,-0.040498627823017164,-0.00876280357553827,-0.009967495488126477,0.00482966294724152,0.0,-0.0026918959328180447,-0.015538196859859021,-0.01585201992567198,-0.017143160360091114,-0.013858603221577837,9.20000343240801e-05,0.008651184437893367,-0.03472046788372107,-0.02054376976727723,0.010316872353667295,-0.03282465675680113,-0.011622940256939884
2022-07-25 00:00:00-04:00,-0.00739818984075169,-0.00587637966242649,0.002667328360567378,-0.017033248469525475,0.0009595461733262756,0.001151153158610141,-0.0005340385590992813,0.004444252868058163,-0.002698988600200236,-0.02838827149622769,-0.0042709429937973775,-0.024732526977759628,-0.0029278172791236123,-0.019643927916305093,0.0022611526836768814,-0.001020445674642323,0.007402818649345777,-0.008895281029662305,-0.006356385565185252,-0.001408795647814931
2022-07-26 00:00:00-04:00,-0.00882635779150931,-0.026774359691172922,-0.008307216706803233,-0.028841708032475766,-0.008512193291747017,-0.003936780726813138,-0.011087425983692278,-0.014207277848435673,-0.011502026832476364,-0.03852437718378465,-0.014460737811911817,-0.032401219426265504,-0.021402874636415103,-0.028108848146291665,-0.00357853735842506,-0.005107340513035741,-0.056460508563376144,-0.0021522541195280187,-0.02615948014139391,-0.0077281802101034636
2022-07-27 00:00:00-04:00,0.034234671903593306,0.06685194952806461,-0.009506353586947403,0.0760297781135777,0.005830963587265536,0.032675252218265394,0.024854886268229626,0.043306075215894024,0.01848045186813918,0.05772612900577889,0.06652572917728494,0.03564833798856615,0.02300454121678097,0.045724459816130825,0.008119817446608613,0.03131417074482612,0.12175489540430995,0.07402134785835734,0.05360703454339255,0.040487109574539604
2022-07-28 00:00:00-04:00,0.0035717974233469008,0.02854057277335098,0.004181139118925037,0.010904996666349476,0.02674282353944779,0.011027117669661024,0.015421018186045021,0.020670080257152668,0.021953422213513152,0.005490794329553017,0.024542381643407163,0.027292635200415916,-0.04543083718452168,0.03562196363412551,0.0007745264618805869,-0.011697380255686007,-0.006479953372586222,0.023243895237922585,0.020596732135456763,0.007960589625402026
2022-07-29 00:00:00-04:00,0.03279299567384886,0.01566514549660125,0.0035959091732604698,0.009953326515873995,0.003802010306770409,0.003504396268174892,0.010384183224926957,0.008495871072067729,-0.005480064559317821,0.01505880681466687,0.024570492505685326,0.016406431517193232,-0.009491322052196716,0.016897389016591546,0.012149727768400398,-0.0856205664569607,0.007803379503639629,0.0068481960909410056,0.030544377742841133,0.013496824077353198
2022-08-01 00:00:00-04:00,-0.006153401040585593,-0.009724282754215996,-0.003535966164956217,0.015305844618147102,-0.00918628639717689,0.0016621170412685071,-0.005138680838759568,-0.004963118167792935,-0.0019837041958958856,-0.005651605916615621,-0.0005030522746199972,0.0023651644207836053,0.016338105939480263,-0.016901606130142466,0.00955734109315265,0.017901228061608876,0.023517897732783455,0.0008294748231416627,0.024452180890705,-0.0029076485663886986
2022-08-02 00:00:00-04:00,-0.009287439261022823,-0.011474350907361264,-0.02412947294166179,0.004609207290506623,-0.004364669563366452,-0.009620174206876109,-0.014075431470925048,-0.007416075886251039,-0.007950503369757334,0.004426700062884814,-0.008836705462735184,-0.0027488017049281943,-0.0027131390429637747,-0.0033224650301556524,-0.001741811059897569,-0.025703433671982023,0.012025007425662482,-0.0029007240252381106,0.025935132960214657,-0.004024329469932919
2022-08-03 00:00:00-04:00,0.03824774073927406,0.027836373615270027,0.01076313840200016,0.01981002492092343,0.014670073119150473,0.02923505843431551,0.01335955895476637,0.01881111301179672,0.01758683536388017,0.031884220166592314,0.03526690011880307,0.035564487739631945,0.014486863951343798,0.042016210616942384,0.004020950863094175,0.014162793499694848,0.09249136639029865,0.015376948270618751,-0.012085855237907062,0.03273404137932778
2022-08-04 00:00:00-04:00,-0.0019262255965053487,0.004177397792120008,0.02393519130878774,0.01704333109980749,0.005478168677394368,0.011083831459029803,0.00038774223110560335,0.007917613609235818,-0.0072193952927834815,0.008542106132947147,0.007848665819024658,0.014250689384269322,0.012402780675343283,0.001180864093427214,-0.00528947638795485,-0.013691150578275302,-0.009599620400216002,-0.0013506982590645311,0.05933334225205367,0.0034021967964024125
2022-08-05 00:00:00-04:00,-0.0013890273485528404,-0.0026088533465818964,0.011242775363250246,-0.01176161635065398,0.004044155898561552,-0.0024600966336111307,-0.0006459865755666927,-0.0040564464230608,-0.008153402508422003,-0.005751064353763935,-0.003298924241773915,0.006595592935378036,-0.0052976369446161575,0.005768839493482947,0.006381007099332647,-0.007571435603170307,-0.01711696849503863,0.013156249311065737,-0.01539799872126335,0.001638753105910995
2022-08-08 00:00:00-04:00,-0.002903008495131254,-0.009154816377769603,-0.011812641943634627,-0.06298385635676551,-0.014964580252868953,-0.01071736499076692,-0.011376911217283125,0.003167886175679646,0.00022214595904790357,-0.0022085406372680527,-0.008138871041463491,0.0020995401275565317,-0.01597765626786085,-0.004754844893835486,0.00098131833014925,-0.00028261959413555804,0.009861544737890915,0.00570393426338045,-0.021894222629481264,-0.0078420561672492
2022-08-09 00:00:00-04:00,0.0003032346450262402,0.007063332486005436,-0.0143446754960187,-0.03973465338109261,-0.015958695223466823,-0.02333521856311649,0.0039230571365393985,-0.0017400455339572352,-0.0022212227731734924,-0.03957836367238965,-0.027844590468983466,-0.01788918607354617,-0.03585687852285058,-0.01004798457639089,-0.011377446026224702,-0.024307457278173183,-0.018491572198157225,0.0047865951664956,-0.04526830012103189,-0.03121798974486134
2022-08-10 00:00:00-04:00,0.026194645059352872,0.0243003514425002,0.008751140293049131,0.05917123713223549,0.019737972531324477,0.033051797626052926,0.010030032159833224,0.021595334454684867,0.02448801488214425,0.03495387908900405,0.030442750295604837,0.027732813768301723,0.03143649889458011,0.03467004752009184,0.01567929837149218,0.024623287291508866,0.04688823187738245,0.01068853468341402,0.03673856083938998,0.02764570701216562
2022-08-11 00:00:00-04:00,-0.0044316123668997065,-0.007400748271440105,-0.0030464246256560745,-0.008564987032037341,-0.007923515323715158,-0.009047818673278085,-0.004900633891930295,-0.006509174047569344,-0.0026075809090073676,-0.009967683986685238,-0.00578849929892622,-0.008006339637120607,0.005714563095647662,0.0014223124498129458,0.007908694191123944,0.006220054428755395,0.0020220093098510805,-0.008872339592532419,-0.009389200166806777,-0.003027125468207381
2022-08-12 00:00:00-04:00,0.021425589588560223,0.0170372343542724,0.0011843850569988046,0.04274887502960456,0.010525401678794566,0.023467800494582747,0.025790532562138813,0.01914636218630994,0.015468382667432667,0.01692284975318148,0.018235794836304553,0.024787873752427636,0.02340523433000219,0.016479733884215975,0.011091001170715487,0.014610808443804135,0.02007867875607383,0.02617592437671612,0.027619231640992448,0.026983577783756596
2022-08-15 00:00:00-04:00,0.006333532473652204,0.005344028164554926,0.024085535862341745,0.017264467238311765,0.016033018062091342,0.0013077196251769507,-0.0005053630882645432,-0.00034332371217016266,-0.0004290405434227429,0.006161452276085999,0.00010777432901765138,0.012004342730599804,0.0055523460548565495,0.005280898170486603,0.006865145934308536,0.006369464259425417,0.004055426986127264,0.011410527496832357,0.0017851859754736132,0.0035144553680419577
2022-08-16 00:00:00-04:00,-0.0009238942854548071,-0.0025897097724315588,0.0033268700988577926,-0.008039228470811954,-0.0019447439983701909,-0.013077844949618167,0.005182590744775339,0.0014048666702008994,0.003863435476801458,-0.007693924628321525,-0.011003162201053907,-0.0076714813963006945,-0.013804017606784513,-0.0021462603092147203,0.01208037479650037,-0.004127725649551883,0.0056152071995747566,0.0012706580774413112,-0.008019059210550683,-0.004725128745886931
2022-08-17 00:00:00-04:00,0.008784626400306639,-0.002636136202285866,-0.01206592578314436,-0.028815012533486284,-0.010911650887071467,-0.02367445911710897,-0.0033953290117015866,-0.0072635046517448565,-0.0023518973522344,-0.008597445305702944,-0.036267449065467305,-0.02176242355774849,-0.009998054717861526,-0.020238420248679168,0.009006998751675432,-0.01132912140899156,-0.026058029137888905,0.0024996673278463444,-0.019261480678215093,-0.04976534513828168
2022-08-18 00:00:00-04:00,-0.0022916082184420983,-0.003947528036426617,0.0034029261281007805,0.02388870352574024,0.005713008630417793,0.03687411587473299,0.0008832694749887349,0.00317150092426699,0.05807970892813641,-0.0001596831081818184,0.009903248773202034,0.002763673278599388,0.019188106795364313,-0.0011289762516735191,0.009289600845163504,0.011738480223717707,0.004425693517500884,0.0009590223403883602,0.022082078685945916,0.0
2022-08-19 00:00:00-04:00,-0.015101903223861513,-0.013854014354419686,-0.011289164579703859,-0.04921956469810196,-0.008618685479821808,-0.01794256764873592,-0.008320716665409789,-0.013053219622096934,-0.013570989681696233,-0.022135840820774022,-0.01126308180760549,-0.03182015183369269,-0.02497019405640799,-0.028905749272913228,-0.005033523910006665,-0.02265198244095956,-0.03304629512906021,-0.0042922613850110425,-0.04470335906038436,-0.012519832177310564
2022-08-22 00:00:00-04:00,-0.023029340537201626,-0.029355212565627675,-0.019782006244617234,-0.04566084313333474,-0.024754390463513243,-0.03588426081324836,-0.02796850467394496,-0.016778176033618752,-0.02032853237046861,-0.0369484050011496,-0.028393298498869624,-0.03225425006781124,-0.040582738226363047,-0.03843089402283184,-0.02038008357983534,-0.04352741649601244,-0.03086159696442381,-0.013239884484775644,-0.032412722347757605,-0.024761912410634968
2022-08-23 00:00:00-04:00,-0.0020290630491711648,-0.004716462857223269,-0.008676465909103426,0.008629772207848552,-0.013371597804419877,0.0019480845251713674,-0.0006538280736062552,-0.010645194335905495,-0.006288035777245016,-0.005537324845728664,0.006299579504705388,-0.0022851645252429664,-0.006284912569044954,0.007710975821214383,-0.005975636594301448,0.0032506399711724754,-0.004060748828564331,-0.0023792831355299304,-0.0037699104688380114,0.003479041900477542
2022-08-24 00:00:00-04:00,0.0017939146007812656,-0.0023513018765153326,-0.000628650294458466,0.0023863768106928696,-0.0034615309087612234,0.002000757690259869,-0.0031410101493457576,-0.001434617846350128,-0.007171427139825326,0.022784059697931403,-0.0019128388789850792,-0.011598181630932958,0.0041927795344467444,0.03605744249629339,-0.011206840612023039,-0.002651007437488584,0.006008639552845363,0.0014466725751862697,0.002594934573547869,-0.004622702345809304
2022-08-25 00:00:00-04:00,0.01492273149054979,0.01109538947671962,0.015241734084201264,0.040123166564405954,0.01460073511157911,0.03633859909627413,0.009452520187119395,0.011460802406302095,0.0042489672660366296,-0.0338869564517148,0.029734586945686425,-0.0042401115409409496,0.034958563795380204,0.00017179167558056818,0.005629362936660165,0.03041935456982836,0.031569955386433035,0.00808134702957708,0.047988749996194846,0.02089839458963927
2022-08-26 00:00:00-04:00,-0.037699314458222055,-0.03858708814813738,-0.03302834664313925,-0.09227940715971072,-0.03687590097690174,-0.053205614440200555,-0.02913255401839754,-0.037576180503411716,-0.029193960825102505,-0.049910918013863936,-0.044103495147146954,-0.05671775821930192,-0.05381192925350731,-0.03732962269292628,-0.026869614565800393,-0.043852052691831345,-0.04156331908317268,-0.02993683632771138,-0.06174109879767553,-0.0502784523986074
2022-08-29 00:00:00-04:00,-0.013690116831559407,-0.010668004739564751,-0.0027601042943387055,-0.028228793649256012,-0.007862418767191293,-0.0128249394290878,-0.006162011258121103,-0.010029227193360746,-0.003922451706826924,-0.030381826202729778,-0.009145056916924243,-0.015117262647971419,-0.009394375948907241,-0.02600013649296129,-0.0005369483172030787,-0.012590011851304483,-0.00043142704907683793,-0.006387647126806839,-0.029502110467239717,-0.017224913948868825
2022-08-30 00:00:00-04:00,-0.015305504425977334,-0.00852094284964422,-0.004695284632258545,-0.02107461100066299,-0.004675836308883796,-0.015150271005029414,-0.0006740400020672777,-0.008944956296163875,-0.010282148634083721,-0.003370629313350748,-0.007145397917182605,-0.0005063221138988938,-0.019477705775768572,-0.00824166593635145,-0.0056019932562029195,-0.020643602217477297,-0.009281249475098341,-0.013219297722768864,-0.017516052206821175,-0.015851579838694785
2022-08-31 00:00:00-04:00,-0.01063500623588609,-0.005704072681435246,-0.013258506823947358,-0.024178967302168064,-0.010493943890068747,-0.014376368812998641,0.00013498167507397518,-0.013812005316171105,-0.011494307653513114,-0.022233375665236643,-0.009175968899648446,-0.004345868373856643,-0.01039951632174374,-0.0032779452365829798,-0.008720519114406189,-0.010539281821657864,0.01786491650467359,-0.004804708825559834,-0.023809519630728193,-0.007856982791925926
2022-09-01 00:00:00-04:00,0.004706846036934165,-0.004092275669190681,0.007146082839149859,-0.07665294949522528,0.0027130086361124572,-0.01422524844258266,0.015509111119292873,0.0011441585588893854,0.012745981770422965,-0.016589779777705704,0.005750190056228233,-0.00779242620791798,-0.017766734918030824,-0.014544447468907151,0.00942006027726694,-0.0050125185786220605,-0.008347589457587956,0.006341818393405196,-0.029928135187077487,-0.005543432618343003
2022-09-02 00:00:00-04:00,-0.013611131887484751,-0.016666652993916342,-0.011842354060623395,-0.020807927772513057,-0.008270566813509572,0.01668663878638399,-0.008233829766562506,-0.01634413792927758,-0.015455949752606335,0.0010421654620045295,-0.019017850431959693,-0.0064501771482285974,-0.011083762790187968,-0.012784977590252877,-0.014422356114189294,-0.01700253629297077,-0.016512047790011697,-0.03041150084467914,-0.025385690766459024,-0.013670432843710056
2022-09-06 00:00:00-04:00,-0.008215118851768732,-0.010973981041106362,0.004449863001902976,-0.013336254693385285,0.004712289013317106,-0.004038226236763309,-0.011381853849443013,-0.0021473595839949233,-0.002691205961269927,-0.012818018019449151,0.0006136139834918009,0.000434544298815176,-0.01408777723212351,-0.0030947914727933457,-0.008373109689008618,-0.027546436574230615,0.005322074234270557,-0.001425672292907909,-0.01894312915669616,-0.0026913082293769097
2022-09-07 00:00:00-04:00,0.00925393842800748,0.019111535391473256,0.00896092823583472,0.018795028362122324,0.01400887803343176,0.013910079195674552,0.008939445165465187,0.011641890952976075,0.012367863329794337,0.010282082428436423,0.01667689672494488,0.031007368466582363,0.015236504006230334,0.03947371975669767,0.007812483066862441,0.009552017832487714,0.036620678220420366,0.015033210324979507,0.011305886380174046,0.01666330224581003
2022-09-08 00:00:00-04:00,-0.009617830849422027,0.0016660571191542406,0.00144700402939546,0.02012537931398195,0.0044123850384270025,0.013461848460217585,0.002147911901021482,0.004184629080366209,0.007774322466334693,0.023616878562217503,0.015619291287933157,0.01029707060344398,0.0019440123494143258,0.00861492806997255,0.005950999465028417,0.003262634509565654,0.012635536830767125,0.00523514403065195,0.03981909489563695,0.009489103938478793
2022-09-09 00:00:00-04:00,0.018839736325029888,0.02297695611108863,0.02237053502158437,0.028377422401037578,0.01751144067702426,0.020452070042549453,0.016878860759337533,0.00899426427103478,0.008816434805963835,0.03626515400096353,0.013835282230040269,0.029064446874770278,0.02483505468887115,0.02503187648505345,0.005604430714266195,0.023089435698652405,0.0006239491435038325,0.00975448700726167,0.03225414602945209,0.013475236489658204
2022-09-12 00:00:00-04:00,0.03850793293137733,0.008281034985128333,0.00696884968731748,0.008201904320696896,0.0076523066499953885,0.012748841576704528,0.01541299336454327,0.016210742714819038,0.013764490774995863,0.018697389835744982,-0.0009371139179388255,0.00400219508878652,0.007194221327430306,0.01186586761449937,0.011378598907990867,0.003178631534298315,0.014756293457439673,-0.0014326897222407542,-0.009479199385862724,0.009534318916426088
2022-09-13 00:00:00-04:00,-0.05867952390438058,-0.054978393920426805,-0.03368342713738237,-0.09472599244455893,-0.03835474645000192,-0.04802862713528555,-0.013492501164767634,-0.046535356343681444,-0.049353447721490196,-0.045462769771845046,-0.04648849099002028,-0.07056708985978055,-0.06067668943476856,-0.05722821409154899,-0.026098297616214294,-0.07192643109968755,-0.027035323588282756,-0.03644189178462909,-0.08991021579901237,-0.047542526094834114
2022-09-14 00:00:00-04:00,0.009555345307535434,0.0009127176575474127,-0.0013021210458266097,-0.00022845769442259023,0.0012598103042957831,0.014097141161679927,-0.051551860511108494,-0.010620855430625853,-0.0034006141704709947,0.01378869444416031,0.016046733122069945,0.008496360489633092,0.020811642261825636,0.017539795139967396,0.003457779500245506,-0.0037556043009140394,0.027891816296132577,-0.0024674629332033238,0.005452397450357971,0.013490725126475533
2022-09-15 00:00:00-04:00,-0.01892990815662865,-0.027119167016042223,-0.020259808789570455,-0.015158481959689718,-0.02728255818294756,-0.02077334414165566,-0.02606765137962741,-0.016766588190961884,-0.015241122759790504,-0.034314949100875736,-0.015672313549018324,-0.1679317021312774,-0.019995259521458197,-0.033696598052952664,-0.017229262554413705,-0.01165178698009095,-0.012901925957221061,-0.016078083769894502,-0.010200042830998957,-0.015840298720881885
2022-09-16 00:00:00-04:00,-0.010960076764573112,-0.0026081969879904188,-0.010595240401106931,0.020805960098187803,-0.0057735175995945465,0.004718652302349691,-0.02007399382471342,-0.004308764774127005,0.0002309722696312022,-0.021126788333444058,0.015921845707220994,-0.031151957851723644,-0.00024008967743194276,0.0020847546719198196,0.014184387677089738,0.013869590192888692,-0.024896280994711528,0.012699894198412887,-0.001956711697276514,0.009738300459569471
2022-09-19 00:00:00-04:00,0.025082863256787435,-0.0008989180998824065,-0.0008794524897125511,0.013941594607096652,-0.0034906480372027815,-0.0013134914148748011,0.0034868069879194774,0.008434825228595733,0.0,0.008712344875434486,0.005990614257602278,-0.011485817834411494,0.013605479144916721,0.0016311855322292956,0.0036144160132045577,0.00683999420860526,0.010957433822307072,0.008902593034105566,0.003398176703393707,0.0020092629874974843
2022-09-20 00:00:00-04:00,0.01566551244385961,-0.008465594994478298,-0.005488518261245523,-0.015393907522302075,-0.0024201931949586752,-0.01749557612911956,-0.013898987691913778,-0.017237652598980246,-0.01662811941736586,-0.01982594217754685,-0.0011429178320345734,-0.016888468692939362,-0.014844096803491524,-0.013854440514703859,-0.011195492582738997,-0.016304371735867185,-0.03577819182945863,-0.00924829426133078,-0.019799357946223006,0.0011362754378168027
2022-09-21 00:00:00-04:00,-0.0202676539410529,-0.014435966360301422,-0.02629251241310826,0.006451169846333871,-0.027994976141354933,-0.013947924013875457,-0.01996767044707981,-0.017835939573639825,-0.023250340322432672,-0.014485968789970882,-0.0166204462757652,-0.016354050043124735,-0.001202163184419014,-0.021875472226927983,-0.010847210716381395,-0.016919913335824432,-0.004911022173204382,-0.013359575262832601,-0.01023251352912169,-0.008946430423364626
2022-09-22 00:00:00-04:00,-0.006375236017662433,0.008495496150755733,-0.006576895295843155,-0.05278636579278906,-0.020164259735003243,-0.009395671712040254,-0.010786494186616258,-0.0116795926630755,-0.010579481220129416,0.01706962629766373,-0.004164212356087327,0.0026545923787275605,-0.007542949933308618,-0.029289403181267604,0.0030416813614801974,-0.01404984176613544,-0.03860492028169682,0.0002170082985641919,-0.06686362959823888,-0.020883899572416764
2022-09-23 00:00:00-04:00,-0.015123795316324573,-0.012698139317976809,-0.00984975853595782,-0.0035824930025921686,-0.01602094148579558,-0.018697248695937585,-0.022414000150050684,-0.00892044273384962,-0.011907710263213245,-0.02091241769755381,-0.00817853809281821,-0.008708980774967512,-0.02013258293681719,-0.00690680921291198,-0.020748531839252182,-0.019593891402091668,-0.007871348535027467,-0.0008244128971227616,-0.02215828655435026,-0.023531018681150928
2022-09-26 00:00:00-04:00,0.0022602548420569413,-0.0019754590800281635,-0.01831925556090186,-0.023010584839766923,-0.011819523135586096,-0.013698009325090577,-0.017041131804156784,-0.00938534370107258,-0.001967486942128671,-0.004693471249569425,-0.005145952659219022,-0.026707921593760564,-0.011964721086112462,0.004644996741238083,-0.005704481733068145,-0.01998548482129836,-0.03116015920932913,-0.007121762195336112,-0.024426074971712564,-0.007750781136687368
2022-09-27 00:00:00-04:00,0.006566273664785127,-0.004379841227622805,-0.015061749132625812,0.015129199317871711,-0.012512469692378403,0.005386557741902553,-0.01623328926549361,-0.004659528198370122,-0.0014785716223927325,0.017564187648891005,0.0015580782161974671,0.002202541478773634,0.005010844202650855,0.01255686122192512,-0.002212968344672772,-0.00296625136471651,0.01768333522423271,-0.004461180349824345,0.013122097694449941,0.007030181670816704
2022-09-28 00:00:00-04:00,-0.012651582109947213,0.019711533310450502,0.007364915919240156,0.02602113452350574,0.0129153535712212,0.0026035319097970078,0.010413380933124827,0.021806956026987345,0.02023694076898863,0.008596942605574753,0.013004715580345216,0.013798272404092815,-0.011716769782474157,0.021259089338878434,0.008378546824046706,0.008925228565562326,0.06262393873565042,0.019022941410860916,0.017716279199727847,0.019533208660527768
2022-09-29 00:00:00-04:00,-0.04911904758747532,-0.014809006577982897,0.004911289869315105,-0.040515103936722086,-0.011751337943320506,-0.033972845013651276,-0.026478481860086944,-0.013973209588898583,-0.0186261012779938,-0.0223746464095409,-0.026719943995506812,-0.011194008403721312,-0.034390010567478035,-0.030491798306644502,-0.00920499236843042,-0.02764467610405985,-0.02655844738141888,-0.018107337803411894,-0.06173202432745595,-0.017913932114325903
2022-09-30 00:00:00-04:00,-0.030039352699846256,-0.01936844675164473,-0.013384447932834886,-0.006628458091834655,-0.008473691935496408,-0.013596061250750857,-0.005374648925192016,-0.0037557312465944515,-0.014049703795202317,-0.020230238199668626,-0.023161824873874415,-0.010961321807614555,-0.016196386627220227,-0.02391573897909005,-0.02318506748749416,-0.0231235208561843,-0.02965047738336013,-0.006849605087129507,-0.012160879119415102,-0.018663349903180415
2022-10-03 00:00:00-04:00,0.03075256509153035,0.03366256677603996,0.02251618428048352,0.030727435338068432,0.021593927057393048,0.028760588123706077,0.03291307060430171,0.029498757368315642,0.032249945087512444,0.028225790197161205,0.03269155706844917,0.036482476678782794,0.03752874613018253,0.02447582312461405,0.02272539881422997,0.046565730405139005,0.012896486746685865,0.026791624268024616,0.04340277735967568,0.04155309815626418
2022-10-04 00:00:00-04:00,0.025623107459092465,0.033812408423657514,0.022020369581071675,0.05234970651039417,0.037145391348964774,0.05052757702601873,0.04137611012849063,0.03556181527996105,0.02224394648756456,0.05294119103571382,0.03322067743073731,0.03411166498194462,0.043934494729977125,0.03833170748245851,0.03283678539727264,0.027067187055606956,0.06434962824860757,0.01881591008476846,0.027076098910927326,0.0394129472077247
2022-10-05 00:00:00-04:00,0.0020532583432515406,0.0012857282993881114,0.010880712840676265,0.0031897788014427775,0.009725536859658934,0.01029467468054679,0.014461797371634999,0.00010940020416150276,0.004065088112939819,0.003210685248298484,0.016046053254080705,0.008170334787048983,0.020593254772455216,0.003810532499431085,0.0019123335758528537,-0.0021661291762226087,0.011208114077659426,0.010269664376279186,0.0005891150902566089,0.006894221041125803
2022-10-06 00:00:00-04:00,-0.006625616740685958,-0.009670961844393311,-0.0110832943536463,-0.005980720024489794,-0.014750948807120579,-0.01093231833007402,-0.020108016520661076,-0.017751733172256645,-0.011193169847958151,-0.004928560678032157,-0.00750901493342826,0.003463577787292005,0.003122743146404039,-0.0035852241097745763,-0.027914701498872097,-0.01664250513071286,0.006287928449079105,-0.017402232206659596,-0.0013247566095214713,-0.006057002914228837
2022-10-07 00:00:00-04:00,-0.036718732593486014,-0.050852903822636186,-0.009483240161455853,-0.08027418637128692,-0.014236572566979744,-0.03966629617032713,-0.03078102773278324,-0.036219272201936104,-0.03010597269312576,-0.03325622799727568,-0.04359306355819115,-0.03230459612658598,-0.03488182598792988,-0.04463681693623167,-0.02789825385303768,-0.0537160434558418,-0.0450116509470323,-0.03307933199647051,-0.13868828384721643,-0.04007420681485796
2022-10-10 00:00:00-04:00,0.0023556217489644204,-0.021302960109901847,-0.008975733769452043,-0.03362044647372686,-0.010814667349916096,-0.049470114306380264,-0.011376241098595252,-0.007161758630864545,-0.009436331358222638,-0.03094014308478532,-0.015632865305272747,-0.010561997122299105,-0.05218761886420897,-0.01353821488783491,-0.009005215431513114,-0.02021767924798734,-0.062659439288142,0.006912677694487668,-0.0107802407293357,-0.027739472283007327
2022-10-11 00:00:00-04:00,-0.010254890324973842,-0.016750256653830453,-0.0166867570992989,-0.007197912252415728,-0.019638121222497862,-0.01585561400012858,0.002570278673286852,-0.018886990238262347,-0.007771310186437286,-0.0210793194060388,-0.021302401220155698,-0.003114988956443465,-0.03987783381913579,-0.010731615686998208,0.0004246543673700476,-0.006349190276490613,-0.016919076691575885,-0.010582002462330431,-0.0031136533627370566,-0.014904123035444306
2022-10-12 00:00:00-04:00,-0.004605025629847881,0.0015083462684304383,-0.00502396951853723,-0.007422756825660848,-0.00933397316586737,-0.0004410865379764761,0.021951593258040525,-0.007107036176648651,-0.00783227283854715,-0.0019640458981611264,-0.012381840141526212,0.004634369225319679,-0.012632912888025705,0.011943221135531035,-0.0019524902459683302,0.011581440143284771,0.008665317757088342,-0.009546133474715557,0.0038174111040851777,-0.001513016637246567
2022-10-13 00:00:00-04:00,0.03361298209581354,0.03760799775487955,0.03601883960439811,0.03999998673148775,0.03733497914449124,0.017186505726378254,0.022264004329304754,0.029551661192532164,0.034122743492939644,0.02213795279994879,0.01840975572230419,0.03001920853088702,0.03884389952514322,0.019893834121713194,0.03589352072515917,0.0430320221514644,0.002744342723226989,0.025835497168194443,0.018841835459606715,0.03001662293118934
2022-10-14 00:00:00-04:00,-0.03224005539430708,-0.024248667184803674,-0.011047376283251253,-0.06128764150980104,-0.017927572346106868,-0.02481904031529747,-0.013650298026163243,-0.01841058957388353,-0.010096031550110296,-0.022139721992925354,-0.038875251922905196,-0.023071140728346484,-0.02578418967191165,-0.039592737066211914,-0.014368995704448606,-0.019303581644710133,-0.042479767443274974,-0.01735532988387789,-0.050899220731242645,-0.04217165865121497
2022-10-17 00:00:00-04:00,0.029122739235991624,0.03924571804566801,0.01440151655422417,0.05887593130840085,0.02199593352667084,0.01936312080423508,0.04213962350105116,0.037591009631657624,0.027363145603101158,0.034875484548625435,0.017864404424809077,0.019309569741790877,0.01491586571321557,0.062166230284524504,0.012329187906125805,0.019683544554066845,0.05206912362178828,0.031738294244239684,0.036110127053153196,0.01747970060944759
2022-10-18 00:00:00-04:00,0.009409364674700216,0.004083699851337164,0.010364362585399745,0.006645364516986829,0.018099227844475818,-0.001240343962556567,0.00014924107328351255,0.006978821461927298,0.011864447639676756,0.043144492590809325,0.0034439213499593,-0.0017716831811648293,-0.003405298556219627,0.012161301285164017,0.011685367326916163,-0.020817582309518357,0.0074414980648049855,0.008323332873544587,-0.0006901469316630271,0.01423239689348943
2022-10-19 00:00:00-04:00,0.0007652151501753579,-0.008469619591031208,-0.0040604504689365495,0.007019336342758864,-0.008722268708297176,0.0010808850245314083,-0.010890582438210172,3.790860097607762e-05,0.0021536288733234876,0.0009118699326617907,0.007524249767735025,0.023380351317746184,0.014746869914122884,-0.016101765986890948,-0.003497643538609152,0.005025112861229752,-0.00961425355870682,-0.007573818172657787,-0.011912960091889913,0.0016300192600298136
2022-10-20 00:00:00-04:00,-0.003267074958073879,-0.0013954746152604613,0.004345247265066243,0.011866237489227105,-0.004970482730347392,-0.011486331587902576,0.044494672887710696,-0.008634396729443883,-0.0040592640713184025,0.024923549662855926,0.0070095162326486715,0.008504880848307916,-0.0077093055290293755,-0.002288192133148792,0.04726145469403309,0.003076915298731553,0.003669913035561523,-0.0161207754976459,0.00943562676649723,0.005306728863532895
2022-10-21 00:00:00-04:00,0.027059116717709664,0.025280547850956347,0.016825092810308417,0.022306061720887005,0.020554868242817603,0.04515459852326975,0.04981945051613268,0.029757844683502732,0.02613282609717582,0.016952369326636907,0.0390320481104367,0.0131952846416592,0.03357737447864717,0.0399601122353086,0.01247069997403738,0.03412575499113579,-0.009907954116363471,0.014206073846609213,0.018175510277660623,0.03174264110862479
2022-10-24 00:00:00-04:00,0.014802652233100844,0.021187861334333702,0.0017860566549385837,0.010668972907020846,0.010682313187445391,0.015097898431221557,0.0030261517185448117,0.021293133799827224,0.017289759150884043,0.002996789242844189,0.012083553250092915,0.03215068792800024,0.005529630218256365,0.0013903281557765546,0.02147812683613526,0.007786481508665455,-0.007386260764226438,0.01791698062440661,-0.0020401042588805707,-0.014052784023852793
2022-10-25 00:00:00-04:00,0.019337636403837344,0.01379172360812686,0.01924386786085952,0.05254387537763194,0.019011771736109573,0.00777626039599455,0.0030170217529821297,0.019250981947507295,0.018833249370276972,0.02875823561470847,0.0031550621716609495,0.023939052858757526,0.023973199702454817,0.034277998065622706,0.0018086534777250751,0.008462082822140449,0.07105134650298206,0.0035878216689357867,0.04718910428894785,0.0127308956855412
2022-10-26 00:00:00-04:00,-0.019627137757569302,-0.07715629161148907,0.046043814813349515,-0.0275242732801817,0.026010744703963917,0.0024126444538694614,0.022969651616015163,-0.002637077342233174,0.0004508669406781962,-0.03243178115682244,-0.026455399822483683,-0.01022266738083899,-0.008894835737859208,-0.017797565642494684,0.015647347819598867,-0.007296659077866696,-0.007731900812739112,-0.011019495195656925,-0.028306517714542734,-0.03409161987318432
2022-10-27 00:00:00-04:00,-0.030465353035615927,-0.019756212949679774,0.00472134680781533,0.02171206302106743,-0.00043821678244193585,-0.012533064901105395,0.004410609895759032,-0.0036802758325900076,0.0009012415472611224,-0.0010005856947352676,-0.007031147095065582,-0.005710237852936895,-0.028871421932839314,-0.005631646754029718,-0.0017775738400082064,-0.03454603684857549,-0.013551716954039117,-0.0007229657624673314,-0.018918484459658935,-0.004951281531016205
2022-10-28 00:00:00-04:00,0.07555254189485061,0.04022048563257985,0.02471977687465432,0.04993929952473786,0.03162478084332743,0.03842775633408957,0.0294078381849614,0.03206140639369748,0.027465134421280624,0.020469510312744577,0.03755151754908037,0.02206181990883893,0.039319984797083984,0.023199072381331565,0.02775090981531747,0.10658540494407975,-0.012592999351304979,0.03264245703323221,0.05819112519120684,0.029855078374299016
2022-10-31 00:00:00-04:00,-0.01541040469008137,-0.015856150895822374,-0.01041364628793906,-0.024360237143251084,-0.003915405166304398,-0.005878618767555799,0.009177857793057687,-0.013482538394852583,-0.004601206995640039,-0.002637761767271374,-0.004524019117363776,-0.02204615830647305,-0.013002226610747236,-0.00993540484963662,-0.0015883418484452516,-0.022015834739165574,-0.03095650050951082,-0.0038740621652274543,-0.031446492517724245,-0.015599183389405802
2022-11-01 00:00:00-04:00,-0.017542728255065643,-0.017059434931155693,-0.0011103059580134245,0.003408101436747746,0.015266042651705947,-0.004722201233218648,-0.012296645167481635,-0.008559326269895196,0.0006603297181457801,-0.017036650938323072,0.014131786992896744,-0.0077865337090364806,-0.002804706958894676,-0.07656142920778508,-0.0006507798268846621,-0.004572623037006673,-0.005623369351596463,0.008026489308651907,-0.00666003191363207,0.014584223126256513
2022-11-02 00:00:00-04:00,-0.037304978051866944,-0.03536833120125804,-0.02889864175904433,-0.023923727457709654,-0.04012723977076327,-0.025368658414245626,-0.02580726038150727,-0.03204600481242481,-0.019577637650072588,-0.06138163163440313,-0.027071753029792367,-0.046832441957741056,-0.04116595717785365,-0.024672570117881154,-0.00991313420723583,-0.03109539607805578,-0.044038065638679735,-0.025447368920431868,-0.01726447840984291,-0.02391148257118303
2022-11-03 00:00:00-04:00,-0.042404924888910234,-0.026578854799142015,-0.03085343141278618,0.015281066912426366,-0.03329996139262137,-0.0261167109488194,-0.0011981358359208771,-0.057148124891208685,-0.016154391420979408,-0.024531649960253477,-0.01242981356820061,-0.05076026984582249,-0.0766222466362847,-0.05204791472990922,-0.017247683832274374,-0.001094089126915554,-0.036500868569870226,-0.00564351551597253,0.02524304136574873,-0.022798081956028837
2022-11-04 00:00:00-04:00,-0.0019473801271701063,0.033325551410261056,0.011450555725489364,0.05476484969110085,0.02975703105050176,0.04768979759668923,0.012928178548375246,0.01666147110690619,0.015279407228212083,-0.04483016111875404,0.03916425668729673,-0.0006294991095436853,0.027050493475978765,-0.01041121097739861,0.01851718205220565,0.043478303829596054,-0.01789683464356928,0.003218951661114078,0.03460319406483636,0.04542811780598477
